run_key,timestamp,git_commit,hostname,python_impl,python_version,n_colors,capacity,n_empty,n_tubes,instance_seed,instance_solvable,operator_model,cost_model,canon_level,algorithm,algo_param,heuristic,tie_break,goal_test,dup_policy,solved,timeout_reason,solution_cost,solution_length_moves,c_star,subopt_ratio,expanded,generated,duplicates_detected,reopened,dead_ends_detected,h_evaluations,canon_calls,canon_time_s,wall_time_s,peak_rss_mb,open_max_size,closed_max_size,iterations,first_incumbent_time_s
90f6ae990d3d406aa4cc4d74e5a546fd9654cf1d,2026-08-09T09:00:21,c282295,vm,CPython,3.12.3,3,3,1,4,0,True,pour,M1,L1,astar_early,,h4,"f,-g,fifo",early,open_u_closed_reopen,True,,5,5,,,5,9,0,0,0,8,8,6.167999970330129e-06,0.00010860700001558143,15.9140625,4,5,0,0.00010860700001558143
e8508447365071bebe06650108dd4556afdf78a0,2026-08-09T09:00:21,c282295,vm,CPython,3.12.3,3,3,2,5,0,True,pour,M1,L1,astar_early,,h4,"f,-g,fifo",early,open_u_closed_reopen,True,,5,5,,,5,26,11,0,0,14,25,1.633100004028165e-05,0.00017902899998034627,16.13671875,10,5,0,0.00017902899998034627
52ab4cde0885d3dd42f4c3672a54cfe15261e4df,2026-08-09T09:00:21,c282295,vm,CPython,3.12.3,3,4,1,4,0,True,pour,M1,L1,astar_early,,h4,"f,-g,fifo",early,open_u_closed_reopen,True,,8,8,,,8,14,0,0,0,13,13,8.78899999179339e-06,0.00014911800002437303,16.1484375,6,8,0,0.00014911800002437303
91ba261a5d92d191762c47986113da4cd5bfe256,2026-08-09T09:00:21,c282295,vm,CPython,3.12.3,3,4,2,5,0,True,pour,M1,L1,astar_early,,h4,"f,-g,fifo",early,open_u_closed_reopen,True,,8,8,,,8,43,14,0,0,28,42,2.5965000133965077e-05,0.0002813449999621298,16.15625,21,8,0,0.0002813449999621298
6f9b1179b07936b902ec3fa8f56e21633ecfe737,2026-08-09T09:00:21,c282295,vm,CPython,3.12.3,4,3,1,5,0,False,pour,M1,L1,astar_early,,h4,"f,-g,fifo",early,open_u_closed_reopen,False,unsolvable_instance,,,,,,,,,,,,,,,,,,
61bf328cf74b92fd5cf17630518fba08103791ca,2026-08-09T09:00:21,c282295,vm,CPython,3.12.3,4,3,2,6,0,True,pour,M1,L1,astar_early,,h4,"f,-g,fifo",early,open_u_closed_reopen,True,,10,10,,,10,44,16,0,0,27,43,3.2749999661518814e-05,0.00034983099999408296,16.16015625,18,10,0,0.00034983099999408296
66408f2b71dccdf5f5e7798cf1d96bcde316dc78,2026-08-09T09:00:21,c282295,vm,CPython,3.12.3,4,4,1,5,0,True,pour,M1,L1,astar_early,,h4,"f,-g,fifo",early,open_u_closed_reopen,True,,11,11,,,11,18,0,0,0,17,17,1.1915000015960686e-05,0.00020847300004334102,16.16015625,7,11,0,0.00020847300004334102
98c7432cda645663486a24f09a36bb206b5480ed,2026-08-09T09:00:21,c282295,vm,CPython,3.12.3,4,4,2,6,0,True,pour,M1,L1,astar_early,,h4,"f,-g,fifo",early,open_u_closed_reopen,True,,11,11,,,11,67,21,0,0,45,66,4.4714000239309826e-05,0.0004624489999969228,16.16015625,35,11,0,0.0004624489999969228
7be6bc9d16dfc4c7ef58635f6bb7cf22c563444c,2026-08-09T09:00:21,c282295,vm,CPython,3.12.3,5,3,1,6,0,False,pour,M1,L1,astar_early,,h4,"f,-g,fifo",early,open_u_closed_reopen,False,unsolvable_instance,,,,,,,,,,,,,,,,,,
a0ce8a14cade7c5259490638d233d718da97527d,2026-08-09T09:00:21,c282295,vm,CPython,3.12.3,5,3,2,7,0,True,pour,M1,L1,astar_early,,h4,"f,-g,fifo",early,open_u_closed_reopen,True,,11,11,,,14,73,35,0,0,37,72,5.3153000123984384e-05,0.0005387570000152664,16.1640625,24,14,0,0.0005387570000152664
68d951971e90f06d95a676aaa924d3b424fcbcb1,2026-08-09T09:00:21,c282295,vm,CPython,3.12.3,5,4,1,6,0,False,pour,M1,L1,astar_early,,h4,"f,-g,fifo",early,open_u_closed_reopen,False,unsolvable_instance,,,,,,,,,,,,,,,,,,
d121f49fd5b5d3c8565d152d5bf3a30d99d512f6,2026-08-09T09:00:21,c282295,vm,CPython,3.12.3,5,4,2,7,0,True,pour,M1,L1,astar_early,,h4,"f,-g,fifo",early,open_u_closed_reopen,True,,15,15,,,35,200,79,0,0,120,199,0.00013210899999194226,0.0014166270000259829,16.1640625,86,35,0,0.0014166270000259829
52e8849e758942348ff41262dcc21f6de45d2d50,2026-08-09T09:00:21,c282295,vm,CPython,3.12.3,6,3,1,7,0,False,pour,M1,L1,astar_early,,h4,"f,-g,fifo",early,open_u_closed_reopen,False,unsolvable_instance,,,,,,,,,,,,,,,,,,
c7d08fae4b9f149a835aeee138569f439dfe58d3,2026-08-09T09:00:21,c282295,vm,CPython,3.12.3,6,3,2,8,0,True,pour,M1,L1,astar_early,,h4,"f,-g,fifo",early,open_u_closed_reopen,True,,10,10,,,10,62,27,0,0,34,61,5.449699989412693e-05,0.00042293800004244986,16.1640625,25,10,0,0.00042293800004244986
19ed7e2541e159eb85b7dc41ed2f9e2f06c8987b,2026-08-09T09:00:21,c282295,vm,CPython,3.12.3,6,4,1,7,0,False,pour,M1,L1,astar_early,,h4,"f,-g,fifo",early,open_u_closed_reopen,False,unsolvable_instance,,,,,,,,,,,,,,,,,,
07a20226a79a47de36d2faae82aaee179ecb3db3,2026-08-09T09:00:21,c282295,vm,CPython,3.12.3,6,4,2,8,0,True,pour,M1,L1,astar_early,,h4,"f,-g,fifo",early,open_u_closed_reopen,True,,18,18,,,18,84,25,0,0,58,83,6.030300005477329e-05,0.0006770050000000083,16.1640625,41,18,0,0.0006770050000000083
7f07ab4e2485101fd7d7d9554bf94b22f79e3276,2026-08-09T09:00:21,c282295,vm,CPython,3.12.3,3,3,1,4,1,True,pour,M1,L1,astar_early,,h4,"f,-g,fifo",early,open_u_closed_reopen,True,,4,4,,,4,7,0,0,0,6,6,5.264999970222561e-06,9.039799999754905e-05,16.16796875,3,4,0,9.039799999754905e-05
becce657b8b876c8d866506c5ef9262ef162842e,2026-08-09T09:00:21,c282295,vm,CPython,3.12.3,3,3,2,5,1,True,pour,M1,L1,astar_early,,h4,"f,-g,fifo",early,open_u_closed_reopen,True,,4,4,,,4,18,8,0,0,9,17,1.1814999993475794e-05,0.0001333230000000185,16.16796875,6,4,0,0.0001333230000000185
1bde762ae317780f9f023e0d8f72a0d91bc6632c,2026-08-09T09:00:21,c282295,vm,CPython,3.12.3,3,4,1,4,1,False,pour,M1,L1,astar_early,,h4,"f,-g,fifo",early,open_u_closed_reopen,False,unsolvable_instance,,,,,,,,,,,,,,,,,,
68b84138c2c6db072a8064782f2d1fde27ba30c0,2026-08-09T09:00:21,c282295,vm,CPython,3.12.3,3,4,2,5,1,True,pour,M1,L1,astar_early,,h4,"f,-g,fifo",early,open_u_closed_reopen,True,,10,10,,,10,46,15,0,0,30,45,2.828299972179593e-05,0.00031553600001643645,16.16796875,21,10,0,0.00031553600001643645
b24639772198ae4d8569dd7e0083afad58a1b4f5,2026-08-09T09:00:21,c282295,vm,CPython,3.12.3,4,3,1,5,1,True,pour,M1,L1,astar_early,,h4,"f,-g,fifo",early,open_u_closed_reopen,True,,10,10,,,13,23,2,0,0,20,22,1.6849000019192317e-05,0.00022957800001677242,16.16796875,8,13,0,0.00022957800001677242
37873b199c3f35ba402272d6b9d571873660602b,2026-08-09T09:00:21,c282295,vm,CPython,3.12.3,4,3,2,6,1,True,pour,M1,L1,astar_early,,h4,"f,-g,fifo",early,open_u_closed_reopen,True,,10,10,,,10,44,17,0,0,26,43,3.215200018757969e-05,0.00036129299996900954,16.16796875,17,10,0,0.00036129299996900954
23370d726e4b0c484ab8c778bec3be6089df4e08,2026-08-09T09:00:21,c282295,vm,CPython,3.12.3,4,4,1,5,1,False,pour,M1,L1,astar_early,,h4,"f,-g,fifo",early,open_u_closed_reopen,False,unsolvable_instance,,,,,,,,,,,,,,,,,,
585450e251cef33d2905c63df7bc860dd375f9c8,2026-08-09T09:00:21,c282295,vm,CPython,3.12.3,4,4,2,6,1,True,pour,M1,L1,astar_early,,h4,"f,-g,fifo",early,open_u_closed_reopen,True,,12,12,,,12,68,26,0,0,41,67,4.15179998185522e-05,0.0004273139999781961,16.16796875,30,12,0,0.0004273139999781961
a7464bac265a96fe582dd048e8c8dfc0a876d7e7,2026-08-09T09:00:21,c282295,vm,CPython,3.12.3,5,3,1,6,1,False,pour,M1,L1,astar_early,,h4,"f,-g,fifo",early,open_u_closed_reopen,False,unsolvable_instance,,,,,,,,,,,,,,,,,,
e9db901f77903e10bed9a5de541536c07f48516a,2026-08-09T09:00:21,c282295,vm,CPython,3.12.3,5,3,2,7,1,True,pour,M1,L1,astar_early,,h4,"f,-g,fifo",early,open_u_closed_reopen,True,,11,11,,,11,54,19,0,0,34,53,4.2639999776383775e-05,0.0003919339999924887,16.16796875,24,11,0,0.0003919339999924887
feab6afc7cfa27b09255e5f2332d0fce382397ee,2026-08-09T09:00:21,c282295,vm,CPython,3.12.3,5,4,1,6,1,False,pour,M1,L1,astar_early,,h4,"f,-g,fifo",early,open_u_closed_reopen,False,unsolvable_instance,,,,,,,,,,,,,,,,,,
6cdb138bbef70db3bcb390cc78c055166f9ae5ec,2026-08-09T09:00:21,c282295,vm,CPython,3.12.3,5,4,2,7,1,True,pour,M1,L1,astar_early,,h4,"f,-g,fifo",early,open_u_closed_reopen,True,,16,16,,,16,62,19,0,0,42,61,4.461600025251755e-05,0.0005235589999870172,16.16796875,27,16,0,0.0005235589999870172
7de8d807a36784b06618efc45c3e8b2f7ce9545e,2026-08-09T09:00:21,c282295,vm,CPython,3.12.3,6,3,1,7,1,False,pour,M1,L1,astar_early,,h4,"f,-g,fifo",early,open_u_closed_reopen,False,unsolvable_instance,,,,,,,,,,,,,,,,,,
97ca496a4344913957d480854c2115ce77e4c2c5,2026-08-09T09:00:21,c282295,vm,CPython,3.12.3,6,3,2,8,1,True,pour,M1,L1,astar_early,,h4,"f,-g,fifo",early,open_u_closed_reopen,True,,14,14,,,14,79,28,0,0,50,78,8.897700035959133e-05,0.0005989080000290414,16.16796875,37,14,0,0.0005989080000290414
a66d482e72c1089a9cfad967a970acfa2c7edd85,2026-08-09T09:00:21,c282295,vm,CPython,3.12.3,6,4,1,7,1,False,pour,M1,L1,astar_early,,h4,"f,-g,fifo",early,open_u_closed_reopen,False,unsolvable_instance,,,,,,,,,,,,,,,,,,
ca51026e957bd97e592d4951fa744af13a253d7f,2026-08-09T09:00:21,c282295,vm,CPython,3.12.3,6,4,2,8,1,True,pour,M1,L1,astar_early,,h4,"f,-g,fifo",early,open_u_closed_reopen,True,,19,19,,,19,77,25,0,0,51,76,6.980200015505034e-05,0.000780568999971365,16.16796875,33,19,0,0.000780568999971365
1536313b01bd39bc25efd9c7fad6fa32df0d9374,2026-08-09T09:00:21,c282295,vm,CPython,3.12.3,3,3,1,4,2,True,pour,M1,L1,astar_early,,h4,"f,-g,fifo",early,open_u_closed_reopen,True,,6,6,,,6,11,0,0,0,10,10,7.520999986354582e-06,0.00011972100003276864,16.16796875,5,6,0,0.00011972100003276864
86013888605c2142c84fbf4fad876fe3ea1ad639,2026-08-09T09:00:21,c282295,vm,CPython,3.12.3,3,3,2,5,2,True,pour,M1,L1,astar_early,,h4,"f,-g,fifo",early,open_u_closed_reopen,True,,6,6,,,6,30,12,0,0,17,29,2.30900001270129e-05,0.0002714230000151474,16.16796875,12,6,0,0.0002714230000151474
e4287f7e28c544d66b720dbce48ced4a50d4477e,2026-08-09T09:00:21,c282295,vm,CPython,3.12.3,3,4,1,4,2,True,pour,M1,L1,astar_early,,h4,"f,-g,fifo",early,open_u_closed_reopen,True,,7,7,,,7,13,0,0,0,12,12,1.2927000227591634e-05,0.0002201839999997901,16.16796875,6,7,0,0.0002201839999997901
a681875eda091f05ca458574e0180572323e81e3,2026-08-09T09:00:21,c282295,vm,CPython,3.12.3,3,4,2,5,2,True,pour,M1,L1,astar_early,,h4,"f,-g,fifo",early,open_u_closed_reopen,True,,7,7,,,7,37,13,0,0,23,36,2.5520000122014608e-05,0.00029657600003929474,16.171875,17,7,0,0.00029657600003929474
dc27a8b51333d7012f9c9b59d969460005a6d605,2026-08-09T09:00:21,c282295,vm,CPython,3.12.3,4,3,1,5,2,False,pour,M1,L1,astar_early,,h4,"f,-g,fifo",early,open_u_closed_reopen,False,unsolvable_instance,,,,,,,,,,,,,,,,,,
37195bbff18dcf4d29b983eae1deb185259ce45a,2026-08-09T09:00:21,c282295,vm,CPython,3.12.3,4,3,2,6,2,True,pour,M1,L1,astar_early,,h4,"f,-g,fifo",early,open_u_closed_reopen,True,,7,7,,,7,38,18,0,0,19,37,2.6577999733490287e-05,0.00028720099999191007,16.171875,13,7,0,0.00028720099999191007
26f2beae2aa825e3f7750c0a6ed9981a1f8c174d,2026-08-09T09:00:21,c282295,vm,CPython,3.12.3,4,4,1,5,2,True,pour,M1,L1,astar_early,,h4,"f,-g,fifo",early,open_u_closed_reopen,True,,12,12,,,13,28,2,0,0,25,27,1.8488000137040217e-05,0.00030231700003469086,16.171875,13,13,0,0.00030231700003469086
d247902b2c7b350a80ce4925eae8af733a35e018,2026-08-09T09:00:21,c282295,vm,CPython,3.12.3,4,4,2,6,2,True,pour,M1,L1,astar_early,,h4,"f,-g,fifo",early,open_u_closed_reopen,True,,12,12,,,13,87,31,0,0,55,86,6.64570000594722e-05,0.0005741289999718902,16.171875,43,13,0,0.0005741289999718902
eec1421775122d68edef85b4e2060ef227524c2b,2026-08-09T09:00:21,c282295,vm,CPython,3.12.3,5,3,1,6,2,False,pour,M1,L1,astar_early,,h4,"f,-g,fifo",early,open_u_closed_reopen,False,unsolvable_instance,,,,,,,,,,,,,,,,,,
ff7f1b6804e3fde81bd76e62a6e23c0ac5f93d33,2026-08-09T09:00:21,c282295,vm,CPython,3.12.3,5,3,2,7,2,True,pour,M1,L1,astar_early,,h4,"f,-g,fifo",early,open_u_closed_reopen,True,,11,11,,,18,113,47,0,0,65,112,0.00010201599997117228,0.0007292430000234162,16.171875,48,18,0,0.0007292430000234162
4b042bfe5c358a1345e60a837b8d7dddf7d4b397,2026-08-09T09:00:21,c282295,vm,CPython,3.12.3,5,4,1,6,2,False,pour,M1,L1,astar_early,,h4,"f,-g,fifo",early,open_u_closed_reopen,False,unsolvable_instance,,,,,,,,,,,,,,,,,,
8d9eb5846141493cfc25bc69fe97182f95d832f9,2026-08-09T09:00:21,c282295,vm,CPython,3.12.3,5,4,2,7,2,True,pour,M1,L1,astar_early,,h4,"f,-g,fifo",early,open_u_closed_reopen,True,,14,14,,,15,68,27,0,0,40,67,4.95830000204478e-05,0.0005547700000079203,16.171875,26,15,0,0.0005547700000079203
ca42f46ece4d43c515bec99912fc96dc46a50f46,2026-08-09T09:00:21,c282295,vm,CPython,3.12.3,6,3,1,7,2,False,pour,M1,L1,astar_early,,h4,"f,-g,fifo",early,open_u_closed_reopen,False,unsolvable_instance,,,,,,,,,,,,,,,,,,
da938b77dc007d76dd4e1d06ee7a93616b7a2a13,2026-08-09T09:00:21,c282295,vm,CPython,3.12.3,6,3,2,8,2,True,pour,M1,L1,astar_early,,h4,"f,-g,fifo",early,open_u_closed_reopen,True,,11,11,,,11,62,20,0,0,41,61,4.7297999856255046e-05,0.00044772400002557333,16.171875,31,11,0,0.00044772400002557333
0d554292b9e0c02d76a4b307183624d58969817f,2026-08-09T09:00:21,c282295,vm,CPython,3.12.3,6,4,1,7,2,False,pour,M1,L1,astar_early,,h4,"f,-g,fifo",early,open_u_closed_reopen,False,unsolvable_instance,,,,,,,,,,,,,,,,,,
71ccb8e8eec68b980da169b666aae8dc3cfa052c,2026-08-09T09:00:21,c282295,vm,CPython,3.12.3,6,4,2,8,2,True,pour,M1,L1,astar_early,,h4,"f,-g,fifo",early,open_u_closed_reopen,True,,18,18,,,20,129,39,0,0,89,128,9.171500011007083e-05,0.0009352400000466332,16.171875,70,20,0,0.0009352400000466332
3827940bf6ba8c9b7eab1f3eee4cfc4a05ccc724,2026-08-09T09:00:21,c282295,vm,CPython,3.12.3,3,3,1,4,3,True,pour,M1,L1,astar_early,,h4,"f,-g,fifo",early,open_u_closed_reopen,True,,7,7,,,8,18,2,0,0,15,17,3.8588000052186544e-05,0.000206714999990254,16.171875,8,8,0,0.000206714999990254
cdcd6c4095d72ff2bc2f7f79db3070166ba48ac3,2026-08-09T09:00:21,c282295,vm,CPython,3.12.3,3,3,2,5,3,True,pour,M1,L1,astar_early,,h4,"f,-g,fifo",early,open_u_closed_reopen,True,,7,7,,,8,44,17,0,0,26,43,2.6295999759895494e-05,0.0003023990000201593,16.171875,19,8,0,0.0003023990000201593
c98497f09f973f3f8d22d7f01b695b3b5478814f,2026-08-09T09:00:21,c282295,vm,CPython,3.12.3,3,4,1,4,3,False,pour,M1,L1,astar_early,,h4,"f,-g,fifo",early,open_u_closed_reopen,False,unsolvable_instance,,,,,,,,,,,,,,,,,,
ebbb8f0475c8b483420655b508e08de82dc0e629,2026-08-09T09:00:21,c282295,vm,CPython,3.12.3,3,4,2,5,3,True,pour,M1,L1,astar_early,,h4,"f,-g,fifo",early,open_u_closed_reopen,True,,9,9,,,9,37,15,0,0,21,36,2.4760000144397054e-05,0.00025300499999048043,16.171875,13,9,0,0.00025300499999048043
57b012b10afa99cb2cbcb3995d484e297951988b,2026-08-09T09:00:21,c282295,vm,CPython,3.12.3,4,3,1,5,3,True,pour,M1,L1,astar_early,,h4,"f,-g,fifo",early,open_u_closed_reopen,True,,8,8,,,8,14,2,0,0,11,13,9.406999936345528e-06,0.00015932399998064284,16.171875,4,8,0,0.00015932399998064284
68920961fdc97f13aaf0bfd29d06199cd8df7b2e,2026-08-09T09:00:21,c282295,vm,CPython,3.12.3,4,3,2,6,3,True,pour,M1,L1,astar_early,,h4,"f,-g,fifo",early,open_u_closed_reopen,True,,8,8,,,8,48,21,0,0,26,47,3.5586000137755036e-05,0.00042083499999989726,16.171875,19,8,0,0.00042083499999989726
b8a0a088c2f295b4e48f9565ebecfdd47b08a1a5,2026-08-09T09:00:21,c282295,vm,CPython,3.12.3,4,4,1,5,3,False,pour,M1,L1,astar_early,,h4,"f,-g,fifo",early,open_u_closed_reopen,False,unsolvable_instance,,,,,,,,,,,,,,,,,,
ee5efb09608a300a5e00bd724273754fdf414418,2026-08-09T09:00:21,c282295,vm,CPython,3.12.3,4,4,2,6,3,True,pour,M1,L1,astar_early,,h4,"f,-g,fifo",early,open_u_closed_reopen,True,,11,11,,,11,47,16,0,0,30,46,3.263900038064094e-05,0.00034920299998475457,16.171875,20,11,0,0.00034920299998475457
a232309c203918d5841103973f770f360c1fcdd9,2026-08-09T09:00:21,c282295,vm,CPython,3.12.3,5,3,1,6,3,True,pour,M1,L1,astar_early,,h4,"f,-g,fifo",early,open_u_closed_reopen,True,,12,12,,,19,30,4,0,3,25,29,2.1775000050183735e-05,0.00037514699999974255,16.171875,7,19,0,0.00037514699999974255
2aa086dcc6b8e02355fc0241b4f8dfc28d4ac20c,2026-08-09T09:00:21,c282295,vm,CPython,3.12.3,5,3,2,7,3,True,pour,M1,L1,astar_early,,h4,"f,-g,fifo",early,open_u_closed_reopen,True,,12,12,,,14,93,34,0,0,58,92,6.694199976209347e-05,0.0005942999999888343,16.171875,45,14,0,0.0005942999999888343
6ad9561e5ad0055145558aee35065922df282210,2026-08-09T09:00:21,c282295,vm,CPython,3.12.3,5,4,1,6,3,False,pour,M1,L1,astar_early,,h4,"f,-g,fifo",early,open_u_closed_reopen,False,unsolvable_instance,,,,,,,,,,,,,,,,,,
ef5cce485b8c47efb45350917512aa5f6aeeb4e9,2026-08-09T09:00:21,c282295,vm,CPython,3.12.3,5,4,2,7,3,True,pour,M1,L1,astar_early,,h4,"f,-g,fifo",early,open_u_closed_reopen,True,,14,14,,,50,279,115,0,0,164,278,0.0001868420009145666,0.0018841379999798846,16.171875,115,50,0,0.0018841379999798846
45944e64f941d401b39aea0261d9251f6bd99800,2026-08-09T09:00:21,c282295,vm,CPython,3.12.3,6,3,1,7,3,True,pour,M1,L1,astar_early,,h4,"f,-g,fifo",early,open_u_closed_reopen,True,,13,13,,,15,36,7,0,0,28,35,2.518800005191224e-05,0.0003461210000068604,16.171875,14,15,0,0.0003461210000068604
432d1f9abcdce58b0e9ce9a18ef27c8c9b45942f,2026-08-09T09:00:21,c282295,vm,CPython,3.12.3,6,3,2,8,3,True,pour,M1,L1,astar_early,,h4,"f,-g,fifo",early,open_u_closed_reopen,True,,13,13,,,15,131,60,0,0,70,130,0.00010509499969657554,0.0008638940000196271,16.0390625,56,15,0,0.0008638940000196271
ab3586f127d7a0063e9922a49bdb7eaac8431cdd,2026-08-09T09:00:21,c282295,vm,CPython,3.12.3,6,4,1,7,3,False,pour,M1,L1,astar_early,,h4,"f,-g,fifo",early,open_u_closed_reopen,False,unsolvable_instance,,,,,,,,,,,,,,,,,,
10531a26111e217a047c07404270c72da0ae4f37,2026-08-09T09:00:21,c282295,vm,CPython,3.12.3,6,4,2,8,3,True,pour,M1,L1,astar_early,,h4,"f,-g,fifo",early,open_u_closed_reopen,True,,18,18,,,18,93,32,0,0,60,92,7.135899977583904e-05,0.0006623599999784346,16.0390625,43,18,0,0.0006623599999784346
0217668314e6547642d32c27df50b972ca8b6e5f,2026-08-09T09:00:21,c282295,vm,CPython,3.12.3,3,3,1,4,4,True,pour,M1,L1,astar_early,,h4,"f,-g,fifo",early,open_u_closed_reopen,True,,4,4,,,4,8,0,0,0,7,7,6.942999959846929e-06,0.00016353400002344642,16.0390625,4,4,0,0.00016353400002344642
00c6bf27a8d62325977c4dfd799cc9bfb70cf9b4,2026-08-09T09:00:21,c282295,vm,CPython,3.12.3,3,3,2,5,4,True,pour,M1,L1,astar_early,,h4,"f,-g,fifo",early,open_u_closed_reopen,True,,4,4,,,4,19,8,0,0,10,18,1.2589999982992595e-05,0.00013930699998354612,16.0390625,7,4,0,0.00013930699998354612
b7cbd1efc022181abc2d6f5ccf8e008dbd29ab2c,2026-08-09T09:00:21,c282295,vm,CPython,3.12.3,3,4,1,4,4,True,pour,M1,L1,astar_early,,h4,"f,-g,fifo",early,open_u_closed_reopen,True,,10,10,,,13,22,3,0,0,18,21,1.2820999813811795e-05,0.00020976500002234388,16.0390625,6,13,0,0.00020976500002234388
71186214f603454fb9bb2644162df232dfcbca9c,2026-08-09T09:00:21,c282295,vm,CPython,3.12.3,3,4,2,5,4,True,pour,M1,L1,astar_early,,h4,"f,-g,fifo",early,open_u_closed_reopen,True,,10,10,,,11,56,21,0,0,34,55,3.3766999933959596e-05,0.0003855459999613231,16.0390625,24,11,0,0.0003855459999613231
5298ecdc2b2669f4e42dd739a96d2476a91afc64,2026-08-09T09:00:21,c282295,vm,CPython,3.12.3,4,3,1,5,4,False,pour,M1,L1,astar_early,,h4,"f,-g,fifo",early,open_u_closed_reopen,False,unsolvable_instance,,,,,,,,,,,,,,,,,,
d18f9b87fcc8636a55aeb6da1c08b3cc1ec226c8,2026-08-09T09:00:21,c282295,vm,CPython,3.12.3,4,3,2,6,4,True,pour,M1,L1,astar_early,,h4,"f,-g,fifo",early,open_u_closed_reopen,True,,8,8,,,8,42,15,0,0,26,41,2.8751999877840717e-05,0.0003530509999905007,16.0390625,19,8,0,0.0003530509999905007
5771bea1eb58e6c5224f56c3d4460dd9e7ce9f4b,2026-08-09T09:00:21,c282295,vm,CPython,3.12.3,4,4,1,5,4,False,pour,M1,L1,astar_early,,h4,"f,-g,fifo",early,open_u_closed_reopen,False,unsolvable_instance,,,,,,,,,,,,,,,,,,
7b4242b84cdec3f962a0647e11c8537949c7856c,2026-08-09T09:00:21,c282295,vm,CPython,3.12.3,4,4,2,6,4,True,pour,M1,L1,astar_early,,h4,"f,-g,fifo",early,open_u_closed_reopen,True,,12,12,,,12,60,23,0,0,36,59,4.074099979334278e-05,0.0004122390000134146,16.0390625,25,12,0,0.0004122390000134146
f3248d1d3ef0b2bf6210b705652c6babcc525c6f,2026-08-09T09:00:21,c282295,vm,CPython,3.12.3,5,3,1,6,4,True,pour,M1,L1,astar_early,,h4,"f,-g,fifo",early,open_u_closed_reopen,True,,10,10,,,14,30,4,0,0,25,29,2.3647999910281214e-05,0.00034789699998327706,16.0390625,12,14,0,0.00034789699998327706
4d3ecd97481aafa9a6e9198ebc9ad62d3cfd4948,2026-08-09T09:00:21,c282295,vm,CPython,3.12.3,5,3,2,7,4,True,pour,M1,L1,astar_early,,h4,"f,-g,fifo",early,open_u_closed_reopen,True,,10,10,,,10,55,23,0,0,31,54,3.9570999888383085e-05,0.0004174819999889223,16.0390625,22,10,0,0.0004174819999889223
8bf72a3da4d1730e4d90de52a25bab319b46a2fa,2026-08-09T09:00:21,c282295,vm,CPython,3.12.3,5,4,1,6,4,False,pour,M1,L1,astar_early,,h4,"f,-g,fifo",early,open_u_closed_reopen,False,unsolvable_instance,,,,,,,,,,,,,,,,,,
822618df47b8d29406a52575023593b5ec3afae4,2026-08-09T09:00:21,c282295,vm,CPython,3.12.3,5,4,2,7,4,True,pour,M1,L1,astar_early,,h4,"f,-g,fifo",early,open_u_closed_reopen,True,,14,14,,,14,57,20,0,0,36,56,3.974499986725277e-05,0.0004606969999940702,16.0390625,23,14,0,0.0004606969999940702
fca4225bcd66c5f24d33e3e4e6893b0c07ada0ba,2026-08-09T09:00:21,c282295,vm,CPython,3.12.3,6,3,1,7,4,False,pour,M1,L1,astar_early,,h4,"f,-g,fifo",early,open_u_closed_reopen,False,unsolvable_instance,,,,,,,,,,,,,,,,,,
ebe1624b7f77306877f7eecd3a5c0ce46dd20e73,2026-08-09T09:00:21,c282295,vm,CPython,3.12.3,6,3,2,8,4,True,pour,M1,L1,astar_early,,h4,"f,-g,fifo",early,open_u_closed_reopen,True,,13,13,,,13,87,35,0,0,51,86,6.157999990819008e-05,0.0005640599999878759,16.0390625,39,13,0,0.0005640599999878759
343fd4ac5796cbac86cc1665d884937100932ad1,2026-08-09T09:00:21,c282295,vm,CPython,3.12.3,6,4,1,7,4,True,pour,M1,L1,astar_early,,h4,"f,-g,fifo",early,open_u_closed_reopen,True,,21,21,,,37,62,6,0,6,55,61,4.7392999817930104e-05,0.0007366039999965324,16.0390625,19,37,0,0.0007366039999965324
8d68f30b1eb442c1b68bd779165ee58e99c45299,2026-08-09T09:00:21,c282295,vm,CPython,3.12.3,6,4,2,8,4,True,pour,M1,L1,astar_early,,h4,"f,-g,fifo",early,open_u_closed_reopen,True,,20,20,,,20,90,30,0,0,59,89,6.490399977110428e-05,0.0007267930000125489,16.0390625,40,20,0,0.0007267930000125489
d3c74dd061f01e7c0baf2dd317a6ec9da5402abc,2026-08-09T09:00:21,c282295,vm,CPython,3.12.3,3,3,1,4,5,True,pour,M1,L1,astar_early,,h4,"f,-g,fifo",early,open_u_closed_reopen,True,,5,5,,,5,9,0,0,0,8,8,7.714999867403094e-06,0.00014626800003725293,16.0390625,4,5,0,0.00014626800003725293
4d654cef9ef2952480066fc3073435c311fc15dc,2026-08-09T09:00:21,c282295,vm,CPython,3.12.3,3,3,2,5,5,True,pour,M1,L1,astar_early,,h4,"f,-g,fifo",early,open_u_closed_reopen,True,,5,5,,,5,24,11,0,0,12,23,1.5680999808864726e-05,0.00016491900004211857,16.0390625,8,5,0,0.00016491900004211857
503e7871ab34d7d67a99b1763d9362a00c565a4f,2026-08-09T09:00:21,c282295,vm,CPython,3.12.3,3,4,1,4,5,True,pour,M1,L1,astar_early,,h4,"f,-g,fifo",early,open_u_closed_reopen,True,,8,8,,,8,14,0,0,0,13,13,8.67399995740925e-06,0.00014668800002937132,16.0390625,6,8,0,0.00014668800002937132
d80de91eea0227dfe8ec7c1a01ef67ed88cc8684,2026-08-09T09:00:21,c282295,vm,CPython,3.12.3,3,4,2,5,5,True,pour,M1,L1,astar_early,,h4,"f,-g,fifo",early,open_u_closed_reopen,True,,8,8,,,8,41,14,0,0,26,40,5.245699998113196e-05,0.00030903199996146213,16.0390625,19,8,0,0.00030903199996146213
fece7a0564e8b11fb997fbf5a2f726fe658baef3,2026-08-09T09:00:21,c282295,vm,CPython,3.12.3,4,3,1,5,5,True,pour,M1,L1,astar_early,,h4,"f,-g,fifo",early,open_u_closed_reopen,True,,9,9,,,9,19,3,0,0,15,18,1.4014999862865807e-05,0.00019438399999671674,16.0390625,7,9,0,0.00019438399999671674
82fc5d15e5cba6012ee0a0ea8a7510e0f37444c3,2026-08-09T09:00:21,c282295,vm,CPython,3.12.3,4,3,2,6,5,True,pour,M1,L1,astar_early,,h4,"f,-g,fifo",early,open_u_closed_reopen,True,,9,9,,,9,53,25,0,0,27,52,3.5749000119267293e-05,0.0003333740000357466,16.0390625,19,9,0,0.0003333740000357466
f031acaba1761a9df92ac22ea4fa12bceb22ef40,2026-08-09T09:00:21,c282295,vm,CPython,3.12.3,4,4,1,5,5,False,pour,M1,L1,astar_early,,h4,"f,-g,fifo",early,open_u_closed_reopen,False,unsolvable_instance,,,,,,,,,,,,,,,,,,
9b50c14f3b99b1555b58f16d425e073519467a85,2026-08-09T09:00:21,c282295,vm,CPython,3.12.3,4,4,2,6,5,True,pour,M1,L1,astar_early,,h4,"f,-g,fifo",early,open_u_closed_reopen,True,,11,11,,,13,61,23,0,0,38,60,3.8570000242543756e-05,0.0004215509999880851,16.0390625,26,13,0,0.0004215509999880851
4344e7ebd69d7527e30f88cb7d8fff983b496196,2026-08-09T09:00:21,c282295,vm,CPython,3.12.3,5,3,1,6,5,False,pour,M1,L1,astar_early,,h4,"f,-g,fifo",early,open_u_closed_reopen,False,unsolvable_instance,,,,,,,,,,,,,,,,,,
3a724d504cad63afe9ff3add971725dfd92e40ef,2026-08-09T09:00:21,c282295,vm,CPython,3.12.3,5,3,2,7,5,True,pour,M1,L1,astar_early,,h4,"f,-g,fifo",early,open_u_closed_reopen,True,,10,10,,,10,56,20,0,0,35,55,4.021100011186718e-05,0.0003915540000321016,16.0390625,26,10,0,0.0003915540000321016
489bc06ee94a40acff5b0ba94139f4a3be310f0f,2026-08-09T09:00:21,c282295,vm,CPython,3.12.3,5,4,1,6,5,True,pour,M1,L1,astar_early,,h4,"f,-g,fifo",early,open_u_closed_reopen,True,,14,14,,,15,30,2,0,1,27,29,2.0324000104210427e-05,0.000314467999999124,16.0390625,13,15,0,0.000314467999999124
ae772a7ddd1bb46f07f39b2f40e605af01a3e3f2,2026-08-09T09:00:21,c282295,vm,CPython,3.12.3,5,4,2,7,5,True,pour,M1,L1,astar_early,,h4,"f,-g,fifo",early,open_u_closed_reopen,True,,14,14,,,17,104,39,0,0,64,103,7.351300007485406e-05,0.0007156849999887527,16.0390625,48,17,0,0.0007156849999887527
2ae5cf81c2506fb993fc403434c562d57b9fc58d,2026-08-09T09:00:21,c282295,vm,CPython,3.12.3,6,3,1,7,5,False,pour,M1,L1,astar_early,,h4,"f,-g,fifo",early,open_u_closed_reopen,False,unsolvable_instance,,,,,,,,,,,,,,,,,,
297a81b9f2eec3b885ee27e73cc31fa7dce5a543,2026-08-09T09:00:21,c282295,vm,CPython,3.12.3,6,3,2,8,5,True,pour,M1,L1,astar_early,,h4,"f,-g,fifo",early,open_u_closed_reopen,True,,13,13,,,13,67,26,0,0,40,66,4.795000000967775e-05,0.0005071349999639096,16.0390625,28,13,0,0.0005071349999639096
d0459edac6fc5ae7f3bddc47deb61da706fc5740,2026-08-09T09:00:21,c282295,vm,CPython,3.12.3,6,4,1,7,5,False,pour,M1,L1,astar_early,,h4,"f,-g,fifo",early,open_u_closed_reopen,False,unsolvable_instance,,,,,,,,,,,,,,,,,,
1c2148da2f5e91ca07bbdb2ba212a7d64264b1a3,2026-08-09T09:00:21,c282295,vm,CPython,3.12.3,6,4,2,8,5,True,pour,M1,L1,astar_early,,h4,"f,-g,fifo",early,open_u_closed_reopen,True,,19,19,,,19,99,26,0,0,72,98,7.053499973608268e-05,0.0007823139999914019,16.0390625,54,19,0,0.0007823139999914019
956459b038ed2b3d0561ff7ed3e99a4fa219b971,2026-08-09T09:00:21,c282295,vm,CPython,3.12.3,3,3,1,4,6,True,pour,M1,L1,astar_early,,h4,"f,-g,fifo",early,open_u_closed_reopen,True,,5,5,,,5,10,0,0,0,9,9,6.917000007433671e-06,0.00011148799995908121,16.0390625,5,5,0,0.00011148799995908121
cc78441487e569376f6fee7062bb366a1e9ff57f,2026-08-09T09:00:21,c282295,vm,CPython,3.12.3,3,3,2,5,6,True,pour,M1,L1,astar_early,,h4,"f,-g,fifo",early,open_u_closed_reopen,True,,5,5,,,5,25,10,0,0,14,24,1.572999997279112e-05,0.00017308499997170657,16.0390625,10,5,0,0.00017308499997170657
666b91ab12b403d6fadfde9774444feaa72ad645,2026-08-09T09:00:21,c282295,vm,CPython,3.12.3,3,4,1,4,6,True,pour,M1,L1,astar_early,,h4,"f,-g,fifo",early,open_u_closed_reopen,True,,5,5,,,5,9,0,0,0,8,8,6.175000009989162e-06,0.00010336000002553192,16.0390625,4,5,0,0.00010336000002553192
09e45b365fdae7e622a5c77a19a346f59028e7a3,2026-08-09T09:00:21,c282295,vm,CPython,3.12.3,3,4,2,5,6,True,pour,M1,L1,astar_early,,h4,"f,-g,fifo",early,open_u_closed_reopen,True,,5,5,,,5,24,11,0,0,12,23,1.6801999834115122e-05,0.00020409600000448336,16.0390625,8,5,0,0.00020409600000448336
cd5276b764f4ff620f38b0e11ad2bbfaa0f0b537,2026-08-09T09:00:21,c282295,vm,CPython,3.12.3,4,3,1,5,6,True,pour,M1,L1,astar_early,,h4,"f,-g,fifo",early,open_u_closed_reopen,True,,9,9,,,9,17,0,0,0,16,16,1.1613999959081411e-05,0.00018078300001889147,16.0390625,8,9,0,0.00018078300001889147
e11528ecaed55306bd61c206b43fb11f52aa6262,2026-08-09T09:00:21,c282295,vm,CPython,3.12.3,4,3,2,6,6,True,pour,M1,L1,astar_early,,h4,"f,-g,fifo",early,open_u_closed_reopen,True,,9,9,,,9,56,19,0,0,36,55,4.248599981337975e-05,0.00036657000003970097,16.0390625,28,9,0,0.00036657000003970097
57ad28e30af96ae50d3bcf2c16278c9f3ac9ffb6,2026-08-09T09:00:21,c282295,vm,CPython,3.12.3,4,4,1,5,6,False,pour,M1,L1,astar_early,,h4,"f,-g,fifo",early,open_u_closed_reopen,False,unsolvable_instance,,,,,,,,,,,,,,,,,,
8f1c883305794f6926602a807a571789976bb08e,2026-08-09T09:00:21,c282295,vm,CPython,3.12.3,4,4,2,6,6,True,pour,M1,L1,astar_early,,h4,"f,-g,fifo",early,open_u_closed_reopen,True,,12,12,,,12,64,24,0,0,39,63,4.054799990171887e-05,0.0004341680000266024,16.0390625,28,12,0,0.0004341680000266024
8d30fdc7c07c8e6ff7394906c9c5be401bc293f3,2026-08-09T09:00:21,c282295,vm,CPython,3.12.3,5,3,1,6,6,True,pour,M1,L1,astar_early,,h4,"f,-g,fifo",early,open_u_closed_reopen,True,,10,10,,,10,20,0,0,0,19,19,2.0899999981338624e-05,0.00023884399996632055,16.0390625,10,10,0,0.00023884399996632055
549fa5d576752bab25358dac017218b8456d35eb,2026-08-09T09:00:21,c282295,vm,CPython,3.12.3,5,3,2,7,6,True,pour,M1,L1,astar_early,,h4,"f,-g,fifo",early,open_u_closed_reopen,True,,10,10,,,10,76,30,0,0,45,75,5.561399984799209e-05,0.000522713999998814,16.0390625,36,10,0,0.000522713999998814
34b5bcf007ecb79cbe883a651f5b72cfe44aa3ae,2026-08-09T09:00:21,c282295,vm,CPython,3.12.3,5,4,1,6,6,False,pour,M1,L1,astar_early,,h4,"f,-g,fifo",early,open_u_closed_reopen,False,unsolvable_instance,,,,,,,,,,,,,,,,,,
0009b31afefa37e5825d5fb90c20037665910928,2026-08-09T09:00:21,c282295,vm,CPython,3.12.3,5,4,2,7,6,True,pour,M1,L1,astar_early,,h4,"f,-g,fifo",early,open_u_closed_reopen,True,,14,14,,,14,67,25,0,0,41,66,4.883800005472949e-05,0.0005224359999829176,16.0390625,28,14,0,0.0005224359999829176
d786e61e4901d4b61f647e31bb539dc7bb577e54,2026-08-09T09:00:21,c282295,vm,CPython,3.12.3,6,3,1,7,6,False,pour,M1,L1,astar_early,,h4,"f,-g,fifo",early,open_u_closed_reopen,False,unsolvable_instance,,,,,,,,,,,,,,,,,,
6b5a9f022d79b58a40e58c56eae1224bd1262763,2026-08-09T09:00:21,c282295,vm,CPython,3.12.3,6,3,2,8,6,True,pour,M1,L1,astar_early,,h4,"f,-g,fifo",early,open_u_closed_reopen,True,,13,13,,,13,73,28,0,0,44,72,5.884499955755018e-05,0.0005674829999975373,16.0390625,32,13,0,0.0005674829999975373
a361698370050bea21be5a81ece9d64eb651e1fa,2026-08-09T09:00:21,c282295,vm,CPython,3.12.3,6,4,1,7,6,False,pour,M1,L1,astar_early,,h4,"f,-g,fifo",early,open_u_closed_reopen,False,unsolvable_instance,,,,,,,,,,,,,,,,,,
acc276401e04cce6184d124396d316836c4e7045,2026-08-09T09:00:21,c282295,vm,CPython,3.12.3,6,4,2,8,6,True,pour,M1,L1,astar_early,,h4,"f,-g,fifo",early,open_u_closed_reopen,True,,19,19,,,21,119,36,0,0,82,118,8.414700050707324e-05,0.0009569709999937004,16.0390625,62,21,0,0.0009569709999937004
512f9ec750d986b36229a1732090daed9bdecf07,2026-08-09T09:00:21,c282295,vm,CPython,3.12.3,3,3,1,4,7,True,pour,M1,L1,astar_early,,h4,"f,-g,fifo",early,open_u_closed_reopen,True,,6,6,,,6,11,0,0,0,10,10,8.488999981182133e-06,0.0001594490000229598,16.0390625,5,6,0,0.0001594490000229598
faa3278193531264147cc918d74852a34884e185,2026-08-09T09:00:21,c282295,vm,CPython,3.12.3,3,3,2,5,7,True,pour,M1,L1,astar_early,,h4,"f,-g,fifo",early,open_u_closed_reopen,True,,6,6,,,6,31,14,0,0,16,30,1.9348999842350167e-05,0.00020138200000019424,16.0390625,11,6,0,0.00020138200000019424
6a32927e15ca69a347fa749e3ab9fcedaf53ad37,2026-08-09T09:00:21,c282295,vm,CPython,3.12.3,3,4,1,4,7,True,pour,M1,L1,astar_early,,h4,"f,-g,fifo",early,open_u_closed_reopen,True,,10,10,,,15,24,3,0,0,21,23,1.571300026625977e-05,0.0002703890000361753,16.0390625,7,15,0,0.0002703890000361753
3cabecddf40a39ca2ea6d4c2cc07593994521882,2026-08-09T09:00:21,c282295,vm,CPython,3.12.3,3,4,2,5,7,True,pour,M1,L1,astar_early,,h4,"f,-g,fifo",early,open_u_closed_reopen,True,,10,10,,,15,80,28,0,0,52,79,4.773699993165792e-05,0.0004915950000281555,16.0390625,38,15,0,0.0004915950000281555
a95e4f225178938a995a76f4b614c2cdfff47154,2026-08-09T09:00:22,c282295,vm,CPython,3.12.3,4,3,1,5,7,False,pour,M1,L1,astar_early,,h4,"f,-g,fifo",early,open_u_closed_reopen,False,unsolvable_instance,,,,,,,,,,,,,,,,,,
62a73b4c6653928dd37f28f07adb5c365bd34bb0,2026-08-09T09:00:22,c282295,vm,CPython,3.12.3,4,3,2,6,7,True,pour,M1,L1,astar_early,,h4,"f,-g,fifo",early,open_u_closed_reopen,True,,9,9,,,9,49,18,0,0,30,48,3.345999977000247e-05,0.0003681399999777568,16.0390625,22,9,0,0.0003681399999777568
e8453e3a76c390a780152f645538e6ca056f1dd2,2026-08-09T09:00:22,c282295,vm,CPython,3.12.3,4,4,1,5,7,False,pour,M1,L1,astar_early,,h4,"f,-g,fifo",early,open_u_closed_reopen,False,unsolvable_instance,,,,,,,,,,,,,,,,,,
c0d621b208913e220c549f570fea998ba9dee7d0,2026-08-09T09:00:22,c282295,vm,CPython,3.12.3,4,4,2,6,7,True,pour,M1,L1,astar_early,,h4,"f,-g,fifo",early,open_u_closed_reopen,True,,12,12,,,12,57,20,0,0,36,56,6.672900025250783e-05,0.0004352980000135176,16.0390625,25,12,0,0.0004352980000135176
41a8d334b8480c74e3739415606c2efdd0bdceec,2026-08-09T09:00:22,c282295,vm,CPython,3.12.3,5,3,1,6,7,False,pour,M1,L1,astar_early,,h4,"f,-g,fifo",early,open_u_closed_reopen,False,unsolvable_instance,,,,,,,,,,,,,,,,,,
869d95241b0a3a81cce47ef8ce6580b9b10be357,2026-08-09T09:00:22,c282295,vm,CPython,3.12.3,5,3,2,7,7,True,pour,M1,L1,astar_early,,h4,"f,-g,fifo",early,open_u_closed_reopen,True,,10,10,,,10,48,20,0,0,27,47,3.459699991026355e-05,0.00035464100000126564,16.0390625,18,10,0,0.00035464100000126564
4e575d6b38a7eff262ba7b7fdbffe4dde49cb579,2026-08-09T09:00:22,c282295,vm,CPython,3.12.3,5,4,1,6,7,True,pour,M1,L1,astar_early,,h4,"f,-g,fifo",early,open_u_closed_reopen,True,,15,15,,,21,40,5,0,0,34,39,3.0507999895235116e-05,0.0004723650000073576,16.0390625,14,21,0,0.0004723650000073576
7516bdef891b2c230785997eceb9fa265bbcb6cb,2026-08-09T09:00:22,c282295,vm,CPython,3.12.3,5,4,2,7,7,True,pour,M1,L1,astar_early,,h4,"f,-g,fifo",early,open_u_closed_reopen,True,,15,15,,,21,158,57,0,0,100,157,0.00010778699993352348,0.001079570000001695,16.0390625,80,21,0,0.001079570000001695
23b4c16fff1219a3d748e692da8931e76a871414,2026-08-09T09:00:22,c282295,vm,CPython,3.12.3,6,3,1,7,7,False,pour,M1,L1,astar_early,,h4,"f,-g,fifo",early,open_u_closed_reopen,False,unsolvable_instance,,,,,,,,,,,,,,,,,,
9cfe721ff14ef72abe6b5a79c92db218829ec9d6,2026-08-09T09:00:22,c282295,vm,CPython,3.12.3,6,3,2,8,7,True,pour,M1,L1,astar_early,,h4,"f,-g,fifo",early,open_u_closed_reopen,True,,12,12,,,17,121,54,0,0,66,120,8.710599968253518e-05,0.0008096380000210956,16.0390625,50,17,0,0.0008096380000210956
dd9a91911c02abbf636e176dcbed7bf1dea22ce2,2026-08-09T09:00:22,c282295,vm,CPython,3.12.3,6,4,1,7,7,False,pour,M1,L1,astar_early,,h4,"f,-g,fifo",early,open_u_closed_reopen,False,unsolvable_instance,,,,,,,,,,,,,,,,,,
815e06935b2d85ec85135162294b1bc616e1540b,2026-08-09T09:00:22,c282295,vm,CPython,3.12.3,6,4,2,8,7,True,pour,M1,L1,astar_early,,h4,"f,-g,fifo",early,open_u_closed_reopen,True,,18,18,,,44,189,71,0,0,118,188,0.00014045999932932318,0.0015316980000079639,16.0390625,74,44,0,0.0015316980000079639
9bfd807a06179477f6e7c12bfada0d784ca72007,2026-08-09T09:00:22,c282295,vm,CPython,3.12.3,3,3,1,4,8,True,pour,M1,L1,astar_early,,h4,"f,-g,fifo",early,open_u_closed_reopen,True,,6,6,,,6,10,0,0,0,9,9,7.186000004821835e-06,0.00012163799999598268,16.0390625,4,6,0,0.00012163799999598268
b2f5d5583e16bf36ef9da8438f5be5a1293b6e30,2026-08-09T09:00:22,c282295,vm,CPython,3.12.3,3,3,2,5,8,True,pour,M1,L1,astar_early,,h4,"f,-g,fifo",early,open_u_closed_reopen,True,,6,6,,,6,31,12,0,0,18,30,1.954600003273299e-05,0.00022255199996834563,16.0390625,13,6,0,0.00022255199996834563
6eb1741c859895dc39a8718323355cd65afa4cc3,2026-08-09T09:00:22,c282295,vm,CPython,3.12.3,3,4,1,4,8,True,pour,M1,L1,astar_early,,h4,"f,-g,fifo",early,open_u_closed_reopen,True,,8,8,,,8,13,0,0,0,12,12,8.694999962699512e-06,0.00015927999999121312,16.0390625,5,8,0,0.00015927999999121312
26e4f951fb742ebf8fa073d401880ddabf3c3cda,2026-08-09T09:00:22,c282295,vm,CPython,3.12.3,3,4,2,5,8,True,pour,M1,L1,astar_early,,h4,"f,-g,fifo",early,open_u_closed_reopen,True,,8,8,,,8,42,14,0,0,27,41,2.8702999941288e-05,0.00030267200003208927,16.0390625,20,8,0,0.00030267200003208927
9e665f2157a3b4e1f2f0bbbd648d4bf9738b6a2b,2026-08-09T09:00:22,c282295,vm,CPython,3.12.3,4,3,1,5,8,True,pour,M1,L1,astar_early,,h4,"f,-g,fifo",early,open_u_closed_reopen,True,,7,7,,,8,17,4,0,0,12,16,1.342799993153676e-05,0.0001884979999999814,16.0390625,5,8,0,0.0001884979999999814
42ca84c30314f7f1c67ba81bd730a2563d2137dd,2026-08-09T09:00:22,c282295,vm,CPython,3.12.3,4,3,2,6,8,True,pour,M1,L1,astar_early,,h4,"f,-g,fifo",early,open_u_closed_reopen,True,,7,7,,,8,50,27,0,0,22,49,3.437499998426574e-05,0.0003078659999573574,16.0390625,15,8,0,0.0003078659999573574
fbab1cbad125cc13c663aa4396877aa0f0eb25ba,2026-08-09T09:00:22,c282295,vm,CPython,3.12.3,4,4,1,5,8,True,pour,M1,L1,astar_early,,h4,"f,-g,fifo",early,open_u_closed_reopen,True,,8,8,,,8,14,0,0,0,13,13,1.0206999945694406e-05,0.00017494700000497687,16.0390625,6,8,0,0.00017494700000497687
359e0073696f4dc6041ddf69b1a7d8bdede5593f,2026-08-09T09:00:22,c282295,vm,CPython,3.12.3,4,4,2,6,8,True,pour,M1,L1,astar_early,,h4,"f,-g,fifo",early,open_u_closed_reopen,True,,8,8,,,8,48,22,0,0,25,47,3.282999995235514e-05,0.000359267999954227,16.0390625,18,8,0,0.000359267999954227
4293d22b2b46e608a1a50e480622574b6f4dec46,2026-08-09T09:00:22,c282295,vm,CPython,3.12.3,5,3,1,6,8,False,pour,M1,L1,astar_early,,h4,"f,-g,fifo",early,open_u_closed_reopen,False,unsolvable_instance,,,,,,,,,,,,,,,,,,
93db085d7ad5b16e4ba6970d7109e6cfdf3a2583,2026-08-09T09:00:22,c282295,vm,CPython,3.12.3,5,3,2,7,8,True,pour,M1,L1,astar_early,,h4,"f,-g,fifo",early,open_u_closed_reopen,True,,11,11,,,18,90,38,0,0,51,89,7.366899973249019e-05,0.0006919120000361545,16.0390625,34,18,0,0.0006919120000361545
6938df99bb6f81cf50e6d76a15dc007722a4a696,2026-08-09T09:00:22,c282295,vm,CPython,3.12.3,5,4,1,6,8,False,pour,M1,L1,astar_early,,h4,"f,-g,fifo",early,open_u_closed_reopen,False,unsolvable_instance,,,,,,,,,,,,,,,,,,
6dfec6b8b26be9dd34538d6c61893e156d37156d,2026-08-09T09:00:22,c282295,vm,CPython,3.12.3,5,4,2,7,8,True,pour,M1,L1,astar_early,,h4,"f,-g,fifo",early,open_u_closed_reopen,True,,14,14,,,81,360,168,0,0,196,359,0.00024354600009246496,0.00260415700000749,16.1640625,116,81,0,0.00260415700000749
55f61e8e66267bed91b623fe271c9039bc6c21fd,2026-08-09T09:00:22,c282295,vm,CPython,3.12.3,6,3,1,7,8,False,pour,M1,L1,astar_early,,h4,"f,-g,fifo",early,open_u_closed_reopen,False,unsolvable_instance,,,,,,,,,,,,,,,,,,
eeb9b9eb622330effd415e8de448b3cb1c5e89a0,2026-08-09T09:00:22,c282295,vm,CPython,3.12.3,6,3,2,8,8,True,pour,M1,L1,astar_early,,h4,"f,-g,fifo",early,open_u_closed_reopen,True,,12,12,,,12,66,26,0,0,39,65,4.63440000544324e-05,0.0004780979999736701,16.0390625,28,12,0,0.0004780979999736701
366d08ffb11f4b330ab80275871c4ad3474e6e21,2026-08-09T09:00:22,c282295,vm,CPython,3.12.3,6,4,1,7,8,False,pour,M1,L1,astar_early,,h4,"f,-g,fifo",early,open_u_closed_reopen,False,unsolvable_instance,,,,,,,,,,,,,,,,,,
9c3614c3badbc40d55067ddd4ea39c465d4551af,2026-08-09T09:00:22,c282295,vm,CPython,3.12.3,6,4,2,8,8,True,pour,M1,L1,astar_early,,h4,"f,-g,fifo",early,open_u_closed_reopen,True,,17,17,,,43,225,105,0,2,121,224,0.00016510899990862526,0.0016215780000266022,16.0390625,79,43,0,0.0016215780000266022
56acc141cb1a0fbcdfd863546077e9ecb58ed308,2026-08-09T09:00:22,c282295,vm,CPython,3.12.3,3,3,1,4,9,True,pour,M1,L1,astar_early,,h4,"f,-g,fifo",early,open_u_closed_reopen,True,,7,7,,,7,12,0,0,0,11,11,8.35799983178731e-06,0.000146083999993607,16.0390625,5,7,0,0.000146083999993607
22a6e19d19b47abfd7c7eba3baad5a1393003ec3,2026-08-09T09:00:22,c282295,vm,CPython,3.12.3,3,3,2,5,9,True,pour,M1,L1,astar_early,,h4,"f,-g,fifo",early,open_u_closed_reopen,True,,7,7,,,7,36,14,0,0,21,35,2.181200011364126e-05,0.0002370999999925516,16.0390625,15,7,0,0.0002370999999925516
37e9617d023c5a2fcfc9b24ba84f019630fa5c62,2026-08-09T09:00:22,c282295,vm,CPython,3.12.3,3,4,1,4,9,True,pour,M1,L1,astar_early,,h4,"f,-g,fifo",early,open_u_closed_reopen,True,,8,8,,,9,15,0,0,0,14,14,9.670999929767277e-06,0.00016357300000890973,16.0390625,6,9,0,0.00016357300000890973
ad8a3d42987dcbff4cff206d3099dffb112f04b0,2026-08-09T09:00:22,c282295,vm,CPython,3.12.3,3,4,2,5,9,True,pour,M1,L1,astar_early,,h4,"f,-g,fifo",early,open_u_closed_reopen,True,,8,8,,,9,47,15,0,0,31,46,3.0061000074965705e-05,0.00030375899996215594,16.0390625,23,9,0,0.00030375899996215594
7c803e06c78030e33f477553b4d68fcc6597d1cf,2026-08-09T09:00:22,c282295,vm,CPython,3.12.3,4,3,1,5,9,True,pour,M1,L1,astar_early,,h4,"f,-g,fifo",early,open_u_closed_reopen,True,,7,7,,,7,13,0,0,0,12,12,9.350000027552596e-06,0.00016547600000649254,16.0390625,6,7,0,0.00016547600000649254
4363df72d4e7cbf41571b9393faba70f170de393,2026-08-09T09:00:22,c282295,vm,CPython,3.12.3,4,3,2,6,9,True,pour,M1,L1,astar_early,,h4,"f,-g,fifo",early,open_u_closed_reopen,True,,7,7,,,7,45,22,0,0,22,44,3.2058999920536735e-05,0.00035354800002096454,16.0390625,16,7,0,0.00035354800002096454
669acdb0851b7df231df2a3eb21993bc6d40e6ed,2026-08-09T09:00:22,c282295,vm,CPython,3.12.3,4,4,1,5,9,True,pour,M1,L1,astar_early,,h4,"f,-g,fifo",early,open_u_closed_reopen,True,,10,10,,,10,17,0,0,0,16,16,1.303999999890948e-05,0.0002536590000090655,16.0390625,7,10,0,0.0002536590000090655
c2803dc408cbf4d989dbbf11beaec6e6d9ee4ba8,2026-08-09T09:00:22,c282295,vm,CPython,3.12.3,4,4,2,6,9,True,pour,M1,L1,astar_early,,h4,"f,-g,fifo",early,open_u_closed_reopen,True,,10,10,,,10,62,23,0,0,38,61,4.1422000151669636e-05,0.00043131500001436507,16.0390625,29,10,0,0.00043131500001436507
a88116a9b5f253a643af9030aa156253c7e60de8,2026-08-09T09:00:22,c282295,vm,CPython,3.12.3,5,3,1,6,9,False,pour,M1,L1,astar_early,,h4,"f,-g,fifo",early,open_u_closed_reopen,False,unsolvable_instance,,,,,,,,,,,,,,,,,,
098b21a592aa1502c328aa18c7b39e1dba8d9def,2026-08-09T09:00:22,c282295,vm,CPython,3.12.3,5,3,2,7,9,True,pour,M1,L1,astar_early,,h4,"f,-g,fifo",early,open_u_closed_reopen,True,,10,10,,,11,67,30,0,0,36,66,5.2958000139824435e-05,0.0005162900000073023,16.0390625,26,11,0,0.0005162900000073023
68d0fb1e350bdbc147d8188684b8b4b4b15e867c,2026-08-09T09:00:22,c282295,vm,CPython,3.12.3,5,4,1,6,9,False,pour,M1,L1,astar_early,,h4,"f,-g,fifo",early,open_u_closed_reopen,False,unsolvable_instance,,,,,,,,,,,,,,,,,,
a7a41fd5759947df398fcb588512b4b57f5e180e,2026-08-09T09:00:22,c282295,vm,CPython,3.12.3,5,4,2,7,9,True,pour,M1,L1,astar_early,,h4,"f,-g,fifo",early,open_u_closed_reopen,True,,15,15,,,15,93,29,0,0,63,92,7.265600004302541e-05,0.0007536070000355721,16.0390625,49,15,0,0.0007536070000355721
29edcbaaee1f443c4ff3b0477d233ae6d1a5c22a,2026-08-09T09:00:22,c282295,vm,CPython,3.12.3,6,3,1,7,9,True,pour,M1,L1,astar_early,,h4,"f,-g,fifo",early,open_u_closed_reopen,True,,14,14,,,24,45,9,0,2,35,44,3.3046000169179024e-05,0.0005613650000100279,16.0390625,12,24,0,0.0005613650000100279
96852a5407e49dee7fbe610a22ee301f2b269a3e,2026-08-09T09:00:22,c282295,vm,CPython,3.12.3,6,3,2,8,9,True,pour,M1,L1,astar_early,,h4,"f,-g,fifo",early,open_u_closed_reopen,True,,14,14,,,17,113,38,0,0,74,112,8.145599969111572e-05,0.0008587720000150512,16.0390625,58,17,0,0.0008587720000150512
c256ba9bee3befb87753075f4f9a9d43f6744177,2026-08-09T09:00:22,c282295,vm,CPython,3.12.3,6,4,1,7,9,False,pour,M1,L1,astar_early,,h4,"f,-g,fifo",early,open_u_closed_reopen,False,unsolvable_instance,,,,,,,,,,,,,,,,,,
cba541058402173847d9ca4e6f5dd5a3d4424e8d,2026-08-09T09:00:22,c282295,vm,CPython,3.12.3,6,4,2,8,9,True,pour,M1,L1,astar_early,,h4,"f,-g,fifo",early,open_u_closed_reopen,True,,18,18,,,18,91,26,0,0,64,90,7.321599986198635e-05,0.0008095339999840689,16.0390625,47,18,0,0.0008095339999840689
e3f1b691b39f8a8b1f6248f5f2278a4f223e0225,2026-08-09T09:00:22,c282295,vm,CPython,3.12.3,3,3,1,4,10,True,pour,M1,L1,astar_early,,h4,"f,-g,fifo",early,open_u_closed_reopen,True,,7,7,,,7,12,0,0,0,11,11,7.600000060392631e-06,0.0001354620000029172,16.0390625,5,7,0,0.0001354620000029172
ed0cc1c6dbe0ce061fe3f53172d6da8021f66759,2026-08-09T09:00:22,c282295,vm,CPython,3.12.3,3,3,2,5,10,True,pour,M1,L1,astar_early,,h4,"f,-g,fifo",early,open_u_closed_reopen,True,,7,7,,,7,35,12,0,0,22,34,2.5376999928994337e-05,0.0002734860000259687,16.0390625,16,7,0,0.0002734860000259687
2635cba5c71b67bcf12c6be3c758161f3a445c5f,2026-08-09T09:00:22,c282295,vm,CPython,3.12.3,3,4,1,4,10,False,pour,M1,L1,astar_early,,h4,"f,-g,fifo",early,open_u_closed_reopen,False,unsolvable_instance,,,,,,,,,,,,,,,,,,
2653942212d8bba26324e68f9a19c33fcb950506,2026-08-09T09:00:22,c282295,vm,CPython,3.12.3,3,4,2,5,10,True,pour,M1,L1,astar_early,,h4,"f,-g,fifo",early,open_u_closed_reopen,True,,8,8,,,8,33,13,0,0,19,32,2.8129999805059924e-05,0.00024383100003433356,16.0390625,12,8,0,0.00024383100003433356
164a1aef804e1c2d46f266f03daba0a43b248f6c,2026-08-09T09:00:22,c282295,vm,CPython,3.12.3,4,3,1,5,10,True,pour,M1,L1,astar_early,,h4,"f,-g,fifo",early,open_u_closed_reopen,True,,8,8,,,9,18,2,0,0,15,17,1.2801999957900989e-05,0.00019790499999317035,16.0390625,7,9,0,0.00019790499999317035
4076388fc7221b9183a686974d1bd9cafb2b1a9c,2026-08-09T09:00:22,c282295,vm,CPython,3.12.3,4,3,2,6,10,True,pour,M1,L1,astar_early,,h4,"f,-g,fifo",early,open_u_closed_reopen,True,,8,8,,,9,57,25,0,0,31,56,3.873500014606179e-05,0.0003700699999740209,16.0390625,23,9,0,0.0003700699999740209
3e431e321b853d628014e53e198206a3047c0e42,2026-08-09T09:00:22,c282295,vm,CPython,3.12.3,4,4,1,5,10,False,pour,M1,L1,astar_early,,h4,"f,-g,fifo",early,open_u_closed_reopen,False,unsolvable_instance,,,,,,,,,,,,,,,,,,
37496ca101b0f7dfddc0ec2754482df1145f943a,2026-08-09T09:00:22,c282295,vm,CPython,3.12.3,4,4,2,6,10,True,pour,M1,L1,astar_early,,h4,"f,-g,fifo",early,open_u_closed_reopen,True,,10,10,,,10,43,17,0,0,25,42,2.7907000003324356e-05,0.00032242700001461344,16.0390625,16,10,0,0.00032242700001461344
202504fb1f94c365a0bbf359101a36e7a8a9d32f,2026-08-09T09:00:22,c282295,vm,CPython,3.12.3,5,3,1,6,10,False,pour,M1,L1,astar_early,,h4,"f,-g,fifo",early,open_u_closed_reopen,False,unsolvable_instance,,,,,,,,,,,,,,,,,,
d81f40413fa0e6fdc8e27dd75e943808495d553b,2026-08-09T09:00:22,c282295,vm,CPython,3.12.3,5,3,2,7,10,True,pour,M1,L1,astar_early,,h4,"f,-g,fifo",early,open_u_closed_reopen,True,,9,9,,,13,91,40,0,0,50,90,6.16469999954461e-05,0.0005734250000273278,16.0390625,38,13,0,0.0005734250000273278
2941ac58e033647307b388c013fb9c0898afdcbd,2026-08-09T09:00:22,c282295,vm,CPython,3.12.3,5,4,1,6,10,False,pour,M1,L1,astar_early,,h4,"f,-g,fifo",early,open_u_closed_reopen,False,unsolvable_instance,,,,,,,,,,,,,,,,,,
95a6f6ff2be0626b3a94bcd3bbd2271ceebe0aba,2026-08-09T09:00:22,c282295,vm,CPython,3.12.3,5,4,2,7,10,True,pour,M1,L1,astar_early,,h4,"f,-g,fifo",early,open_u_closed_reopen,True,,14,14,,,14,65,26,0,0,38,64,5.1014999826293206e-05,0.0005224989999987883,16.0390625,25,14,0,0.0005224989999987883
111497a32f593857c969b0e24956efc5e721d77f,2026-08-09T09:00:22,c282295,vm,CPython,3.12.3,6,3,1,7,10,True,pour,M1,L1,astar_early,,h4,"f,-g,fifo",early,open_u_closed_reopen,True,,13,13,,,17,31,5,0,0,25,30,2.4897999935546977e-05,0.00042022999997470833,16.0390625,9,17,0,0.00042022999997470833
c9bdd1ab5373f89bed47294f86f8cab537ac83b9,2026-08-09T09:00:22,c282295,vm,CPython,3.12.3,6,3,2,8,10,True,pour,M1,L1,astar_early,,h4,"f,-g,fifo",early,open_u_closed_reopen,True,,13,13,,,17,144,60,0,0,83,143,0.00010136800028703874,0.0009966789999680259,16.0390625,67,17,0,0.0009966789999680259
266a6558de4efe58497dfe5d3c69997fd0e35621,2026-08-09T09:00:22,c282295,vm,CPython,3.12.3,6,4,1,7,10,False,pour,M1,L1,astar_early,,h4,"f,-g,fifo",early,open_u_closed_reopen,False,unsolvable_instance,,,,,,,,,,,,,,,,,,
29e0218780172d66a19ae8b4d679486a2c156de3,2026-08-09T09:00:22,c282295,vm,CPython,3.12.3,6,4,2,8,10,True,pour,M1,L1,astar_early,,h4,"f,-g,fifo",early,open_u_closed_reopen,True,,18,18,,,18,78,25,0,0,52,77,5.858100024624946e-05,0.0007136090000017248,16.0390625,35,18,0,0.0007136090000017248
e6ad919ae6f38f8a64f12c2a3168da1481e4260d,2026-08-09T09:00:22,c282295,vm,CPython,3.12.3,3,3,1,4,11,True,pour,M1,L1,astar_early,,h4,"f,-g,fifo",early,open_u_closed_reopen,True,,5,5,,,5,9,0,0,0,8,8,6.409000036455836e-06,0.00011082900005021656,16.0390625,4,5,0,0.00011082900005021656
044b6975e805d0f39faa0be2b73581d4c8679edf,2026-08-09T09:00:22,c282295,vm,CPython,3.12.3,3,3,2,5,11,True,pour,M1,L1,astar_early,,h4,"f,-g,fifo",early,open_u_closed_reopen,True,,5,5,,,5,24,11,0,0,12,23,1.566200000979734e-05,0.00016754300003185563,16.0390625,8,5,0,0.00016754300003185563
68a70780d90d9def9fb0acb6806f5b8706efc205,2026-08-09T09:00:22,c282295,vm,CPython,3.12.3,3,4,1,4,11,True,pour,M1,L1,astar_early,,h4,"f,-g,fifo",early,open_u_closed_reopen,True,,8,8,,,13,27,6,0,0,20,26,1.751700000340861e-05,0.00024513099998557664,16.0390625,8,13,0,0.00024513099998557664
4fdffb4f6854e4c342b85ca21024bed041b1be49,2026-08-09T09:00:22,c282295,vm,CPython,3.12.3,3,4,2,5,11,True,pour,M1,L1,astar_early,,h4,"f,-g,fifo",early,open_u_closed_reopen,True,,8,8,,,9,43,19,0,0,23,42,3.015099980530067e-05,0.0003253369999924871,16.0390625,15,9,0,0.0003253369999924871
286610901a15bc92727773f38950993766972ef0,2026-08-09T09:00:22,c282295,vm,CPython,3.12.3,4,3,1,5,11,True,pour,M1,L1,astar_early,,h4,"f,-g,fifo",early,open_u_closed_reopen,True,,9,9,,,9,19,3,0,0,15,18,1.264099995523793e-05,0.00019077499996456027,16.0390625,7,9,0,0.00019077499996456027
5add9af0e65ad0d141163cdc71cbbcfb57afe3ae,2026-08-09T09:00:22,c282295,vm,CPython,3.12.3,4,3,2,6,11,True,pour,M1,L1,astar_early,,h4,"f,-g,fifo",early,open_u_closed_reopen,True,,9,9,,,9,57,24,0,0,32,56,3.845099979571387e-05,0.00042188200001191944,16.0390625,24,9,0,0.00042188200001191944
1bc8b3ab1bfbc4df602b6bfd3decd61817f5d76d,2026-08-09T09:00:22,c282295,vm,CPython,3.12.3,4,4,1,5,11,False,pour,M1,L1,astar_early,,h4,"f,-g,fifo",early,open_u_closed_reopen,False,unsolvable_instance,,,,,,,,,,,,,,,,,,
ef1313e6f171666eba631c9de7ff9afef719745b,2026-08-09T09:00:22,c282295,vm,CPython,3.12.3,4,4,2,6,11,True,pour,M1,L1,astar_early,,h4,"f,-g,fifo",early,open_u_closed_reopen,True,,11,11,,,11,61,25,0,0,35,60,3.879900009451376e-05,0.0004055200000152581,16.0390625,25,11,0,0.0004055200000152581
6b921e5925c9665e7bf8de7b02b3fdde9a3315f7,2026-08-09T09:00:22,c282295,vm,CPython,3.12.3,5,3,1,6,11,True,pour,M1,L1,astar_early,,h4,"f,-g,fifo",early,open_u_closed_reopen,True,,11,11,,,11,19,0,0,0,18,18,1.538700001901816e-05,0.0002589640000110194,16.0390625,8,11,0,0.0002589640000110194
7767654c2c165f7cac65c28194e763c52c5f1fe1,2026-08-09T09:00:22,c282295,vm,CPython,3.12.3,5,3,2,7,11,True,pour,M1,L1,astar_early,,h4,"f,-g,fifo",early,open_u_closed_reopen,True,,11,11,,,11,80,32,0,0,47,79,5.4041000112192705e-05,0.000496134999991682,16.0390625,37,11,0,0.000496134999991682
db237ba014fcdac4273e3d556728c7c2813fc845,2026-08-09T09:00:22,c282295,vm,CPython,3.12.3,5,4,1,6,11,False,pour,M1,L1,astar_early,,h4,"f,-g,fifo",early,open_u_closed_reopen,False,unsolvable_instance,,,,,,,,,,,,,,,,,,
337a2d84d2ed605e1f0170d88f4bf8c8eed2e6ec,2026-08-09T09:00:22,c282295,vm,CPython,3.12.3,5,4,2,7,11,True,pour,M1,L1,astar_early,,h4,"f,-g,fifo",early,open_u_closed_reopen,True,,14,14,,,55,275,150,0,0,132,274,0.00018232099949955227,0.001859704999958467,16.0390625,78,55,0,0.001859704999958467
14c4ea4aa8bdf45510862b7a09c0bed4beab59e8,2026-08-09T09:00:22,c282295,vm,CPython,3.12.3,6,3,1,7,11,True,pour,M1,L1,astar_early,,h4,"f,-g,fifo",early,open_u_closed_reopen,True,,12,12,,,12,36,3,0,0,32,35,2.9057000062948646e-05,0.000390085999981693,16.0390625,21,12,0,0.000390085999981693
9892b9cceee38844b7c90cc274b77abb44874373,2026-08-09T09:00:22,c282295,vm,CPython,3.12.3,6,3,2,8,11,True,pour,M1,L1,astar_early,,h4,"f,-g,fifo",early,open_u_closed_reopen,True,,12,12,,,12,100,37,0,0,62,99,8.724300010953812e-05,0.0007813720000058311,16.0390625,51,12,0,0.0007813720000058311
b3f912edec3574ad261f86fa2744cdec99c8386e,2026-08-09T09:00:22,c282295,vm,CPython,3.12.3,6,4,1,7,11,False,pour,M1,L1,astar_early,,h4,"f,-g,fifo",early,open_u_closed_reopen,False,unsolvable_instance,,,,,,,,,,,,,,,,,,
ec32dc303633ddfc4704d5377e63564349f66229,2026-08-09T09:00:22,c282295,vm,CPython,3.12.3,6,4,2,8,11,True,pour,M1,L1,astar_early,,h4,"f,-g,fifo",early,open_u_closed_reopen,True,,15,15,,,15,71,27,0,0,43,70,5.1813999846217484e-05,0.0005660339999735697,16.0390625,29,15,0,0.0005660339999735697
f37900795771707b6e516a2344ed55877dc8b705,2026-08-09T09:00:22,c282295,vm,CPython,3.12.3,3,3,1,4,12,True,pour,M1,L1,astar_early,,h4,"f,-g,fifo",early,open_u_closed_reopen,True,,5,5,,,6,9,0,0,1,8,8,6.253999970340374e-06,0.00013278399995897416,16.0390625,3,6,0,0.00013278399995897416
6beddc4b6766ccebd162078aedebc6c5f6704b40,2026-08-09T09:00:22,c282295,vm,CPython,3.12.3,3,3,2,5,12,True,pour,M1,L1,astar_early,,h4,"f,-g,fifo",early,open_u_closed_reopen,True,,5,5,,,6,28,13,0,0,14,27,1.9441999882019445e-05,0.00023252299996556758,16.0390625,9,6,0,0.00023252299996556758
75a3df6e354843b0330327a835493615d3baa5e6,2026-08-09T09:00:22,c282295,vm,CPython,3.12.3,3,4,1,4,12,False,pour,M1,L1,astar_early,,h4,"f,-g,fifo",early,open_u_closed_reopen,False,unsolvable_instance,,,,,,,,,,,,,,,,,,
3dc0e731603a59ac7958c14200347434f2a17f19,2026-08-09T09:00:22,c282295,vm,CPython,3.12.3,3,4,2,5,12,True,pour,M1,L1,astar_early,,h4,"f,-g,fifo",early,open_u_closed_reopen,True,,7,7,,,7,31,14,0,0,16,30,2.0320999965406372e-05,0.00021517800001902287,16.0390625,10,7,0,0.00021517800001902287
59098cef67ae290aba35038ae3ed4d6aa3ed198b,2026-08-09T09:00:22,c282295,vm,CPython,3.12.3,4,3,1,5,12,True,pour,M1,L1,astar_early,,h4,"f,-g,fifo",early,open_u_closed_reopen,True,,8,8,,,8,14,0,0,0,13,13,1.0097999847857864e-05,0.00017312099998889607,16.0390625,6,8,0,0.00017312099998889607
5f48b3104a24d4f92d6a04aa49c84ba2eefc0e04,2026-08-09T09:00:22,c282295,vm,CPython,3.12.3,4,3,2,6,12,True,pour,M1,L1,astar_early,,h4,"f,-g,fifo",early,open_u_closed_reopen,True,,8,8,,,8,49,22,0,0,26,48,3.0882999965342606e-05,0.00031374899998581895,16.0390625,19,8,0,0.00031374899998581895
fa778b445c7d82321ee2b7116f33a8b904788b13,2026-08-09T09:00:22,c282295,vm,CPython,3.12.3,4,4,1,5,12,True,pour,M1,L1,astar_early,,h4,"f,-g,fifo",early,open_u_closed_reopen,True,,12,12,,,21,30,3,0,4,26,29,2.6429000001826353e-05,0.00039810100003023763,16.0390625,6,21,0,0.00039810100003023763
2867e7baacd489d4c741e2835e139d18255b7711,2026-08-09T09:00:22,c282295,vm,CPython,3.12.3,4,4,2,6,12,True,pour,M1,L1,astar_early,,h4,"f,-g,fifo",early,open_u_closed_reopen,True,,12,12,,,21,129,45,0,0,83,128,0.00014265499999055464,0.001023390999989715,16.0390625,63,21,0,0.001023390999989715
80a0c2d8d98ebb3278b225731e8905013c8e842e,2026-08-09T09:00:22,c282295,vm,CPython,3.12.3,5,3,1,6,12,True,pour,M1,L1,astar_early,,h4,"f,-g,fifo",early,open_u_closed_reopen,True,,11,11,,,11,25,0,0,0,24,24,1.946399970620405e-05,0.0002817280000044775,16.0390625,14,11,0,0.0002817280000044775
5ba4713fb4e32ca66227a7d6f1e1712025ed0f0c,2026-08-09T09:00:22,c282295,vm,CPython,3.12.3,5,3,2,7,12,True,pour,M1,L1,astar_early,,h4,"f,-g,fifo",early,open_u_closed_reopen,True,,11,11,,,11,85,32,0,0,52,84,5.993899998202323e-05,0.0005628540000088833,16.0390625,42,11,0,0.0005628540000088833
b08e3233c9d2fc0b6ada0a16170aa774d1ece488,2026-08-09T09:00:22,c282295,vm,CPython,3.12.3,5,4,1,6,12,False,pour,M1,L1,astar_early,,h4,"f,-g,fifo",early,open_u_closed_reopen,False,unsolvable_instance,,,,,,,,,,,,,,,,,,
0cee2355706d7931d82e56c98d31372e28ac2566,2026-08-09T09:00:22,c282295,vm,CPython,3.12.3,5,4,2,7,12,True,pour,M1,L1,astar_early,,h4,"f,-g,fifo",early,open_u_closed_reopen,True,,15,15,,,44,184,92,0,0,95,183,0.00012057000009235708,0.0013072599999759404,16.0390625,52,44,0,0.0013072599999759404
14745a30b92216b8544948313688d3ba2104d26b,2026-08-09T09:00:22,c282295,vm,CPython,3.12.3,6,3,1,7,12,False,pour,M1,L1,astar_early,,h4,"f,-g,fifo",early,open_u_closed_reopen,False,unsolvable_instance,,,,,,,,,,,,,,,,,,
aee3e8647c1963a5002295b954f3237192cb9e40,2026-08-09T09:00:22,c282295,vm,CPython,3.12.3,6,3,2,8,12,True,pour,M1,L1,astar_early,,h4,"f,-g,fifo",early,open_u_closed_reopen,True,,14,14,,,14,97,48,0,0,48,96,7.104799965418351e-05,0.0006243290000043089,16.0390625,35,14,0,0.0006243290000043089
61c43a07f7cd6fb37178da1092eb4a91ebba831d,2026-08-09T09:00:22,c282295,vm,CPython,3.12.3,6,4,1,7,12,False,pour,M1,L1,astar_early,,h4,"f,-g,fifo",early,open_u_closed_reopen,False,unsolvable_instance,,,,,,,,,,,,,,,,,,
ba80b5a51e1028d02e7cff0d02223a53ac3a8153,2026-08-09T09:00:22,c282295,vm,CPython,3.12.3,6,4,2,8,12,True,pour,M1,L1,astar_early,,h4,"f,-g,fifo",early,open_u_closed_reopen,True,,21,21,,,44,225,76,0,1,152,224,0.00017133900013277525,0.0018489899999849513,16.0390625,106,44,0,0.0018489899999849513
667e49f7311df07e486cffea8165209ee720011a,2026-08-09T09:02:17,c282295,vm,CPython,3.12.3,5,5,1,6,0,False,pour,M1,L1,astar_early,,h4,"f,-g,fifo",early,open_u_closed_reopen,False,unsolvable_instance,,,,,,,,,,,,,,,,,,
b4a8b1c7ba26e8ccb970e7c1897a8c64ae029016,2026-08-09T09:02:17,c282295,vm,CPython,3.12.3,5,5,2,7,0,True,pour,M1,L1,astar_early,,h4,"f,-g,fifo",early,open_u_closed_reopen,True,,18,18,,,18,80,29,0,0,50,79,5.531799979507923e-05,0.0006267139999636129,15.90234375,33,18,0,0.0006267139999636129
345dcf8123372352c69d26e8409cb4e70e7df893,2026-08-09T09:02:17,c282295,vm,CPython,3.12.3,6,5,1,7,0,False,pour,M1,L1,astar_early,,h4,"f,-g,fifo",early,open_u_closed_reopen,False,unsolvable_instance,,,,,,,,,,,,,,,,,,
b070353ae78f8b70bab2e55048818f54d0c816b7,2026-08-09T09:02:17,c282295,vm,CPython,3.12.3,6,5,2,8,0,True,pour,M1,L1,astar_early,,h4,"f,-g,fifo",early,open_u_closed_reopen,True,,24,24,,,46,184,58,0,0,125,183,0.00016509700060396426,0.002023976000032235,16.0625,80,46,0,0.002023976000032235
fc23445491c1df6f20e3948ffe11f02265f42315,2026-08-09T09:02:17,c282295,vm,CPython,3.12.3,5,5,1,6,1,False,pour,M1,L1,astar_early,,h4,"f,-g,fifo",early,open_u_closed_reopen,False,unsolvable_instance,,,,,,,,,,,,,,,,,,
3f3e6ad86c24075838a492ffba402296a64c9932,2026-08-09T09:02:17,c282295,vm,CPython,3.12.3,5,5,2,7,1,True,pour,M1,L1,astar_early,,h4,"f,-g,fifo",early,open_u_closed_reopen,True,,20,20,,,26,124,57,0,0,67,123,8.354200008398038e-05,0.0009203759999536487,15.93359375,42,26,0,0.0009203759999536487
ca93af1a88c8ed9b83b19f11999a64ac0df1103a,2026-08-09T09:02:17,c282295,vm,CPython,3.12.3,6,5,1,7,1,False,pour,M1,L1,astar_early,,h4,"f,-g,fifo",early,open_u_closed_reopen,False,unsolvable_instance,,,,,,,,,,,,,,,,,,
a136de2d625b21e47eebaaf5f88dc00fc15cbe21,2026-08-09T09:02:17,c282295,vm,CPython,3.12.3,6,5,2,8,1,True,pour,M1,L1,astar_early,,h4,"f,-g,fifo",early,open_u_closed_reopen,True,,24,24,,,75,402,133,0,4,268,401,0.000284557000213681,0.0031220439999515293,16.19140625,194,75,0,0.0031220439999515293
4aef32375c8150ba3a888bf8185e88ab6c07aa73,2026-08-09T09:02:17,c282295,vm,CPython,3.12.3,5,5,1,6,2,False,pour,M1,L1,astar_early,,h4,"f,-g,fifo",early,open_u_closed_reopen,False,unsolvable_instance,,,,,,,,,,,,,,,,,,
4ddf1a4e5068805bf74d67c1098e3ebab0b6f24e,2026-08-09T09:02:17,c282295,vm,CPython,3.12.3,5,5,2,7,2,True,pour,M1,L1,astar_early,,h4,"f,-g,fifo",early,open_u_closed_reopen,True,,16,16,,,19,86,24,0,0,61,85,5.7272999924862233e-05,0.000644266999984211,15.9375,43,19,0,0.000644266999984211
c441125161d20c6787b5b554d2102a7473ed3ce3,2026-08-09T09:02:17,c282295,vm,CPython,3.12.3,6,5,1,7,2,False,pour,M1,L1,astar_early,,h4,"f,-g,fifo",early,open_u_closed_reopen,False,unsolvable_instance,,,,,,,,,,,,,,,,,,
304d477fc6e5f5b3722cd3b0f89aaa24c9e7ffe4,2026-08-09T09:02:17,c282295,vm,CPython,3.12.3,6,5,2,8,2,True,pour,M1,L1,astar_early,,h4,"f,-g,fifo",early,open_u_closed_reopen,True,,21,21,,,43,335,83,0,0,251,334,0.00023377900117793615,0.0025273609999203472,16.19140625,209,43,0,0.0025273609999203472
5f8dd92633d91ed5bca12e66bcea34d18a4157f6,2026-08-09T09:02:17,c282295,vm,CPython,3.12.3,5,5,1,6,3,False,pour,M1,L1,astar_early,,h4,"f,-g,fifo",early,open_u_closed_reopen,False,unsolvable_instance,,,,,,,,,,,,,,,,,,
da4240cfc66598e972dee14654fe8818cfe709ff,2026-08-09T09:02:17,c282295,vm,CPython,3.12.3,5,5,2,7,3,True,pour,M1,L1,astar_early,,h4,"f,-g,fifo",early,open_u_closed_reopen,True,,19,19,,,19,86,28,0,0,57,85,0.00013896699977067328,0.0007239920000756683,15.94140625,39,19,0,0.0007239920000756683
98a37d1d6e9282335a3cab9064d8be5d47ebc936,2026-08-09T09:02:17,c282295,vm,CPython,3.12.3,6,5,1,7,3,False,pour,M1,L1,astar_early,,h4,"f,-g,fifo",early,open_u_closed_reopen,False,unsolvable_instance,,,,,,,,,,,,,,,,,,
1863d657bb0e531ec24adc30b5283ad9c9692c2a,2026-08-09T09:02:17,c282295,vm,CPython,3.12.3,6,5,2,8,3,True,pour,M1,L1,astar_early,,h4,"f,-g,fifo",early,open_u_closed_reopen,True,,22,22,,,23,100,33,0,0,66,99,0.0001036100002238527,0.0011352410000426971,15.94140625,44,23,0,0.0011352410000426971
b7608e2ef0f6a5e4dcf49cff7794c1706306fffe,2026-08-09T09:02:17,c282295,vm,CPython,3.12.3,5,5,1,6,4,False,pour,M1,L1,astar_early,,h4,"f,-g,fifo",early,open_u_closed_reopen,False,unsolvable_instance,,,,,,,,,,,,,,,,,,
67d83d82fec0aec3ac2e510a722150640f131143,2026-08-09T09:02:17,c282295,vm,CPython,3.12.3,5,5,2,7,4,True,pour,M1,L1,astar_early,,h4,"f,-g,fifo",early,open_u_closed_reopen,True,,19,19,,,19,134,47,0,0,86,133,8.947599940256623e-05,0.0010804099999859318,16.0703125,68,19,0,0.0010804099999859318
1619f9426adba5c30d42a851d4b27454bd9f58a0,2026-08-09T09:02:17,c282295,vm,CPython,3.12.3,6,5,1,7,4,False,pour,M1,L1,astar_early,,h4,"f,-g,fifo",early,open_u_closed_reopen,False,unsolvable_instance,,,,,,,,,,,,,,,,,,
c603680a40ced2bc9966d77f2b4e941ff02543a7,2026-08-09T09:02:17,c282295,vm,CPython,3.12.3,6,5,2,8,4,True,pour,M1,L1,astar_early,,h4,"f,-g,fifo",early,open_u_closed_reopen,True,,23,23,,,38,190,76,0,0,117,189,0.0002459830001271257,0.0028893539999899076,16.07421875,80,38,0,0.0028893539999899076
b484e5549709aa1f7445aacce4520b2962a716d7,2026-08-09T09:02:17,c282295,vm,CPython,3.12.3,5,5,1,6,5,False,pour,M1,L1,astar_early,,h4,"f,-g,fifo",early,open_u_closed_reopen,False,unsolvable_instance,,,,,,,,,,,,,,,,,,
81adb647d9ab67ce8f11b97268b1bbeb08f289a0,2026-08-09T09:02:17,c282295,vm,CPython,3.12.3,5,5,2,7,5,True,pour,M1,L1,astar_early,,h4,"f,-g,fifo",early,open_u_closed_reopen,True,,20,20,,,43,224,78,0,0,148,223,0.0001572520001218436,0.001819086000068637,16.07421875,106,43,0,0.001819086000068637
55da190144b4d9a42a74d5e1903f5dd5312665ab,2026-08-09T09:02:17,c282295,vm,CPython,3.12.3,6,5,1,7,5,False,pour,M1,L1,astar_early,,h4,"f,-g,fifo",early,open_u_closed_reopen,False,unsolvable_instance,,,,,,,,,,,,,,,,,,
418b220e88e803f4136400d794579636f6e49e93,2026-08-09T09:02:17,c282295,vm,CPython,3.12.3,6,5,2,8,5,True,pour,M1,L1,astar_early,,h4,"f,-g,fifo",early,open_u_closed_reopen,True,,26,26,,,30,152,49,0,0,102,151,0.0001849090011774024,0.0013363699999899836,16.07421875,73,30,0,0.0013363699999899836
a81942ddca5a0c5f996d1bb9737ac43c96d7ea31,2026-08-09T09:02:17,c282295,vm,CPython,3.12.3,5,5,1,6,6,False,pour,M1,L1,astar_early,,h4,"f,-g,fifo",early,open_u_closed_reopen,False,unsolvable_instance,,,,,,,,,,,,,,,,,,
70c780dea5cc425953f984d019f14b57836e1210,2026-08-09T09:02:17,c282295,vm,CPython,3.12.3,5,5,2,7,6,True,pour,M1,L1,astar_early,,h4,"f,-g,fifo",early,open_u_closed_reopen,True,,20,20,,,30,111,26,0,0,84,110,7.777900020755624e-05,0.001147859000070639,16.07421875,55,30,0,0.001147859000070639
d92d5fd87b0140c814422956dfd5f0c6edc4edd5,2026-08-09T09:02:17,c282295,vm,CPython,3.12.3,6,5,1,7,6,False,pour,M1,L1,astar_early,,h4,"f,-g,fifo",early,open_u_closed_reopen,False,unsolvable_instance,,,,,,,,,,,,,,,,,,
22cc10226a38373cba8ff03170553eabad38ac04,2026-08-09T09:02:17,c282295,vm,CPython,3.12.3,6,5,2,8,6,True,pour,M1,L1,astar_early,,h4,"f,-g,fifo",early,open_u_closed_reopen,True,,19,19,,,24,103,24,0,1,78,102,7.735899987437733e-05,0.001064457999973456,16.07421875,55,24,0,0.001064457999973456
7e27022d69a7d60808dbf7274beee47e2ca51a01,2026-08-09T09:02:17,c282295,vm,CPython,3.12.3,5,5,1,6,7,False,pour,M1,L1,astar_early,,h4,"f,-g,fifo",early,open_u_closed_reopen,False,unsolvable_instance,,,,,,,,,,,,,,,,,,
193812452c76d954e1cbfe94e2d89d1ff8080517,2026-08-09T09:02:17,c282295,vm,CPython,3.12.3,5,5,2,7,7,True,pour,M1,L1,astar_early,,h4,"f,-g,fifo",early,open_u_closed_reopen,True,,20,20,,,24,121,41,0,0,79,120,7.983599959970888e-05,0.0010413039999548346,16.07421875,56,24,0,0.0010413039999548346
ea6b94323e4e0f79180abde464f3b989a36d1232,2026-08-09T09:02:17,c282295,vm,CPython,3.12.3,6,5,1,7,7,False,pour,M1,L1,astar_early,,h4,"f,-g,fifo",early,open_u_closed_reopen,False,unsolvable_instance,,,,,,,,,,,,,,,,,,
95f841ab861f0117805eeebd2b75006a86a2f937,2026-08-09T09:02:17,c282295,vm,CPython,3.12.3,6,5,2,8,7,True,pour,M1,L1,astar_early,,h4,"f,-g,fifo",early,open_u_closed_reopen,True,,26,26,,,79,313,110,0,0,212,312,0.0002449330012268547,0.002656702999956906,16.203125,134,79,0,0.002656702999956906
5a22ad8abe481d1f1406b2dfd18904342705469c,2026-08-09T09:02:17,c282295,vm,CPython,3.12.3,7,4,1,8,0,False,pour,M1,L1,astar_early,,h4,"f,-g,fifo",early,open_u_closed_reopen,False,unsolvable_instance,,,,,,,,,,,,,,,,,,
93ff30aaf8869cbe4893422162479a41baca57a6,2026-08-09T09:02:17,c282295,vm,CPython,3.12.3,7,4,2,9,0,True,pour,M1,L1,astar_early,,h4,"f,-g,fifo",early,open_u_closed_reopen,True,,22,22,,,56,247,91,0,0,155,246,0.0001995420005869164,0.002117075000001023,16.14453125,100,56,0,0.002117075000001023
34a7bd29856e38d97fceeb13ab16e8fdbd60ec2e,2026-08-09T09:02:17,c282295,vm,CPython,3.12.3,7,5,1,8,0,False,pour,M1,L1,astar_early,,h4,"f,-g,fifo",early,open_u_closed_reopen,False,unsolvable_instance,,,,,,,,,,,,,,,,,,
94d6fcc042e1375a092c12f033e52780fbf91fa2,2026-08-09T09:02:17,c282295,vm,CPython,3.12.3,7,5,2,9,0,True,pour,M1,L1,astar_early,,h4,"f,-g,fifo",early,open_u_closed_reopen,True,,31,31,,,34,168,53,0,0,115,167,0.00012835400082167325,0.001397160999999869,16.03125,82,34,0,0.001397160999999869
a87df461140a3acd04560e498337435ff176eaa8,2026-08-09T09:02:17,c282295,vm,CPython,3.12.3,8,4,1,9,0,False,pour,M1,L1,astar_early,,h4,"f,-g,fifo",early,open_u_closed_reopen,False,unsolvable_instance,,,,,,,,,,,,,,,,,,
7bfddf8302e4f8a8ac444740b1855d4e1d14431c,2026-08-09T09:02:17,c282295,vm,CPython,3.12.3,8,4,2,10,0,True,pour,M1,L1,astar_early,,h4,"f,-g,fifo",early,open_u_closed_reopen,True,,25,25,,,71,260,110,0,0,157,259,0.00020172600079604308,0.002377024999987043,16.15625,87,71,0,0.002377024999987043
21a86821e5aee9a1ca7d35c0cef5c1d24c3ab7c0,2026-08-09T09:02:17,c282295,vm,CPython,3.12.3,8,5,1,9,0,False,pour,M1,L1,astar_early,,h4,"f,-g,fifo",early,open_u_closed_reopen,False,unsolvable_instance,,,,,,,,,,,,,,,,,,
7388ec20525bc433de7d8eff0e125902457b98af,2026-08-09T09:02:18,c282295,vm,CPython,3.12.3,8,5,2,10,0,True,pour,M1,L1,astar_early,,h4,"f,-g,fifo",early,open_u_closed_reopen,True,,31,31,,,32,125,24,0,0,100,124,0.00010640799951033841,0.0012366979999569594,16.03515625,69,32,0,0.0012366979999569594
750c69f9ae5fe2ad10310786147969dce5921628,2026-08-09T09:02:18,c282295,vm,CPython,3.12.3,9,4,1,10,0,False,pour,M1,L1,astar_early,,h4,"f,-g,fifo",early,open_u_closed_reopen,False,unsolvable_instance,,,,,,,,,,,,,,,,,,
41c24cf37f8d9ba79c5aa825436a07e5fda58f84,2026-08-09T09:02:18,c282295,vm,CPython,3.12.3,9,4,2,11,0,True,pour,M1,L1,astar_early,,h4,"f,-g,fifo",early,open_u_closed_reopen,True,,27,27,,,27,109,33,0,0,75,108,0.00010012100017320336,0.001161206000006132,16.03515625,49,27,0,0.001161206000006132
290b38f47a66c460e1d35c9455226a44cc46039e,2026-08-09T09:02:18,c282295,vm,CPython,3.12.3,9,5,1,10,0,False,pour,M1,L1,astar_early,,h4,"f,-g,fifo",early,open_u_closed_reopen,False,unsolvable_instance,,,,,,,,,,,,,,,,,,
be40b0064ffc9ebbfc827c309f6d3cd6691bcc62,2026-08-09T09:02:18,c282295,vm,CPython,3.12.3,9,5,2,11,0,True,pour,M1,L1,astar_early,,h4,"f,-g,fifo",early,open_u_closed_reopen,True,,38,38,,,1009,2962,1105,0,0,1992,2961,0.002757953002856084,0.03696136100006697,17.54296875,984,1009,0,0.03696136100006697
5d905b46f90671273ee95484e70ad967e49a1c21,2026-08-09T09:02:18,c282295,vm,CPython,3.12.3,10,4,1,11,0,False,pour,M1,L1,astar_early,,h4,"f,-g,fifo",early,open_u_closed_reopen,False,unsolvable_instance,,,,,,,,,,,,,,,,,,
d43f3a7b277fdcce6454f1da1896a3d1961bd735,2026-08-09T09:02:18,c282295,vm,CPython,3.12.3,10,4,2,12,0,True,pour,M1,L1,astar_early,,h4,"f,-g,fifo",early,open_u_closed_reopen,True,,32,32,,,32,151,49,0,0,101,150,0.00014245500028664537,0.0015079030000606508,16.04296875,70,32,0,0.0015079030000606508
0961ca50657f143ecd26d64d1c617a0c575e8fce,2026-08-09T09:02:18,c282295,vm,CPython,3.12.3,10,5,1,11,0,False,pour,M1,L1,astar_early,,h4,"f,-g,fifo",early,open_u_closed_reopen,False,unsolvable_instance,,,,,,,,,,,,,,,,,,
305b9331f94d951e464fc64d4f36a0507a7609c9,2026-08-09T09:02:18,c282295,vm,CPython,3.12.3,10,5,2,12,0,True,pour,M1,L1,astar_early,,h4,"f,-g,fifo",early,open_u_closed_reopen,True,,40,40,,,93,315,109,0,3,212,314,0.00032567299922448,0.003928831999928661,16.16796875,120,93,0,0.003928831999928661
d9e8e1160a8b2c4563f18e5e910570c6e84ae4e2,2026-08-09T09:02:18,c282295,vm,CPython,3.12.3,7,4,1,8,1,False,pour,M1,L1,astar_early,,h4,"f,-g,fifo",early,open_u_closed_reopen,False,unsolvable_instance,,,,,,,,,,,,,,,,,,
4f672b91ce8513fe4500437bc7c11ab7b4d12adc,2026-08-09T09:02:18,c282295,vm,CPython,3.12.3,7,4,2,9,1,True,pour,M1,L1,astar_early,,h4,"f,-g,fifo",early,open_u_closed_reopen,True,,21,21,,,21,98,29,0,0,68,97,8.324999987507908e-05,0.0009372170000006008,16.04296875,48,21,0,0.0009372170000006008
e6b19a4634c211d93640c44658f1341d79fe8d1c,2026-08-09T09:02:18,c282295,vm,CPython,3.12.3,7,5,1,8,1,False,pour,M1,L1,astar_early,,h4,"f,-g,fifo",early,open_u_closed_reopen,False,unsolvable_instance,,,,,,,,,,,,,,,,,,
b012b87bf9f0f7fc8bd1815cfab24e1618defd4e,2026-08-09T09:02:18,c282295,vm,CPython,3.12.3,7,5,2,9,1,True,pour,M1,L1,astar_early,,h4,"f,-g,fifo",early,open_u_closed_reopen,True,,30,30,,,185,793,401,0,0,402,792,0.0013927070017416554,0.012702453000088099,16.296875,218,185,0,0.012702453000088099
7826e77a4e649c5f1fa51f6d3743530d76bab38f,2026-08-09T09:02:18,c282295,vm,CPython,3.12.3,8,4,1,9,1,False,pour,M1,L1,astar_early,,h4,"f,-g,fifo",early,open_u_closed_reopen,False,unsolvable_instance,,,,,,,,,,,,,,,,,,
c875efe9991f0b0ba39cfc824d4d2a8fc4ec1b20,2026-08-09T09:02:18,c282295,vm,CPython,3.12.3,8,4,2,10,1,True,pour,M1,L1,astar_early,,h4,"f,-g,fifo",early,open_u_closed_reopen,True,,22,22,,,25,145,64,0,0,82,144,0.00025072200060094474,0.002151323000020966,16.046875,58,25,0,0.002151323000020966
af50c6cea333277047caa9d68ec718f1e7f185be,2026-08-09T09:02:18,c282295,vm,CPython,3.12.3,8,5,1,9,1,False,pour,M1,L1,astar_early,,h4,"f,-g,fifo",early,open_u_closed_reopen,False,unsolvable_instance,,,,,,,,,,,,,,,,,,
bcf2e1be43386fcf3d5b000d222b36752ffcdfa9,2026-08-09T09:02:18,c282295,vm,CPython,3.12.3,8,5,2,10,1,True,pour,M1,L1,astar_early,,h4,"f,-g,fifo",early,open_u_closed_reopen,True,,34,34,,,136,433,140,0,1,301,432,0.00040076499931274157,0.004908795000005739,16.171875,166,136,0,0.004908795000005739
2acfe020c149d0db2fdf14b6ae659f9d8209818d,2026-08-09T09:02:18,c282295,vm,CPython,3.12.3,9,4,1,10,1,False,pour,M1,L1,astar_early,,h4,"f,-g,fifo",early,open_u_closed_reopen,False,unsolvable_instance,,,,,,,,,,,,,,,,,,
592ffaaf9ba864df1bb0ec36b017fb2919588754,2026-08-09T09:02:18,c282295,vm,CPython,3.12.3,9,4,2,11,1,True,pour,M1,L1,astar_early,,h4,"f,-g,fifo",early,open_u_closed_reopen,True,,29,29,,,29,130,37,0,0,92,129,0.00012822299981962715,0.0013183400000116308,16.046875,64,29,0,0.0013183400000116308
ba11224414c25470f43a55ac456862d1f3bd0e00,2026-08-09T09:02:18,c282295,vm,CPython,3.12.3,9,5,1,10,1,False,pour,M1,L1,astar_early,,h4,"f,-g,fifo",early,open_u_closed_reopen,False,unsolvable_instance,,,,,,,,,,,,,,,,,,
53d0b497e182b8514be54bab3206fa5f256b2bb3,2026-08-09T09:02:18,c282295,vm,CPython,3.12.3,9,5,2,11,1,True,pour,M1,L1,astar_early,,h4,"f,-g,fifo",early,open_u_closed_reopen,True,,38,38,,,1146,3940,2108,0,34,1982,3939,0.004008234000025368,0.045305029000019204,17.55078125,833,1146,0,0.045305029000019204
be052377e43fc091bc0cea1576dcfb98b5c92a7e,2026-08-09T09:02:18,c282295,vm,CPython,3.12.3,10,4,1,11,1,False,pour,M1,L1,astar_early,,h4,"f,-g,fifo",early,open_u_closed_reopen,False,unsolvable_instance,,,,,,,,,,,,,,,,,,
891304fef36ba1ca326e113759d6cd43160b8f90,2026-08-09T09:02:18,c282295,vm,CPython,3.12.3,10,4,2,12,1,True,pour,M1,L1,astar_early,,h4,"f,-g,fifo",early,open_u_closed_reopen,True,,30,30,,,114,358,129,0,6,228,357,0.0004547850005565124,0.004349015999991934,16.171875,115,114,0,0.004349015999991934
a345a621ca26ab19bb5ba935f5195bdac032c939,2026-08-09T09:02:18,c282295,vm,CPython,3.12.3,10,5,1,11,1,False,pour,M1,L1,astar_early,,h4,"f,-g,fifo",early,open_u_closed_reopen,False,unsolvable_instance,,,,,,,,,,,,,,,,,,
7db47ff4bceaa7bed6e774066435dc273b973110,2026-08-09T09:02:18,c282295,vm,CPython,3.12.3,10,5,2,12,1,True,pour,M1,L1,astar_early,,h4,"f,-g,fifo",early,open_u_closed_reopen,True,,42,42,,,2241,8379,4768,0,57,3885,8378,0.009871157989550738,0.09213730399994802,19.05078125,1633,2241,0,0.09213730399994802
7ec9a22396450dacb0bf31d0e6f0e160110854c4,2026-08-09T09:02:18,c282295,vm,CPython,3.12.3,7,4,1,8,2,False,pour,M1,L1,astar_early,,h4,"f,-g,fifo",early,open_u_closed_reopen,False,unsolvable_instance,,,,,,,,,,,,,,,,,,
101196300e812f9e8add6352c61b725427472e66,2026-08-09T09:02:18,c282295,vm,CPython,3.12.3,7,4,2,9,2,True,pour,M1,L1,astar_early,,h4,"f,-g,fifo",early,open_u_closed_reopen,True,,21,21,,,63,285,133,0,0,152,284,0.00023387400085539412,0.0023383499999454216,16.046875,90,63,0,0.0023383499999454216
ee941a1dedc470bd9f26795a4aee235910cfddfe,2026-08-09T09:02:18,c282295,vm,CPython,3.12.3,7,5,1,8,2,False,pour,M1,L1,astar_early,,h4,"f,-g,fifo",early,open_u_closed_reopen,False,unsolvable_instance,,,,,,,,,,,,,,,,,,
8f10335e7ee0033d73db5eb329ab744208c9bdeb,2026-08-09T09:02:18,c282295,vm,CPython,3.12.3,7,5,2,9,2,True,pour,M1,L1,astar_early,,h4,"f,-g,fifo",early,open_u_closed_reopen,True,,25,25,,,85,339,122,0,0,216,338,0.00026481900067665265,0.002898452000067664,16.171875,132,85,0,0.002898452000067664
8380d9d368f109e31395a4d8dec8a2eac3f9bebe,2026-08-09T09:02:18,c282295,vm,CPython,3.12.3,8,4,1,9,2,False,pour,M1,L1,astar_early,,h4,"f,-g,fifo",early,open_u_closed_reopen,False,unsolvable_instance,,,,,,,,,,,,,,,,,,
5221499b585aa11fa26d5f85ae7e8694774560ef,2026-08-09T09:02:18,c282295,vm,CPython,3.12.3,8,4,2,10,2,True,pour,M1,L1,astar_early,,h4,"f,-g,fifo",early,open_u_closed_reopen,True,,22,22,,,22,144,56,0,0,87,143,0.0001507919994310214,0.0011549099999683676,16.046875,66,22,0,0.0011549099999683676
f7236bf5bcf451855452c20df0ef1458da99e22f,2026-08-09T09:02:18,c282295,vm,CPython,3.12.3,8,5,1,9,2,False,pour,M1,L1,astar_early,,h4,"f,-g,fifo",early,open_u_closed_reopen,False,unsolvable_instance,,,,,,,,,,,,,,,,,,
d3865ccfcf927974745bd04d3bc3c7d90c7f3299,2026-08-09T09:02:18,c282295,vm,CPython,3.12.3,8,5,2,10,2,True,pour,M1,L1,astar_early,,h4,"f,-g,fifo",early,open_u_closed_reopen,True,,33,33,,,33,151,50,0,0,100,150,0.0002508049997231865,0.002389163999964694,16.046875,68,33,0,0.002389163999964694
6b84cf0d3feda0b53c12c46566a2f15cd3e65413,2026-08-09T09:02:18,c282295,vm,CPython,3.12.3,9,4,1,10,2,False,pour,M1,L1,astar_early,,h4,"f,-g,fifo",early,open_u_closed_reopen,False,unsolvable_instance,,,,,,,,,,,,,,,,,,
8ddf3a05d7e9d685895edecee9c289a912f57863,2026-08-09T09:02:18,c282295,vm,CPython,3.12.3,9,4,2,11,2,True,pour,M1,L1,astar_early,,h4,"f,-g,fifo",early,open_u_closed_reopen,True,,30,30,,,35,159,71,0,2,87,158,0.0001614370004290322,0.0014783020000095348,16.046875,53,35,0,0.0014783020000095348
75439c2f78de3b39ebe841bade475ba925fddeab,2026-08-09T09:02:18,c282295,vm,CPython,3.12.3,9,5,1,10,2,False,pour,M1,L1,astar_early,,h4,"f,-g,fifo",early,open_u_closed_reopen,False,unsolvable_instance,,,,,,,,,,,,,,,,,,
00e95df479f99eff87ccfa86d101680936d38962,2026-08-09T09:02:18,c282295,vm,CPython,3.12.3,9,5,2,11,2,True,pour,M1,L1,astar_early,,h4,"f,-g,fifo",early,open_u_closed_reopen,True,,36,36,,,36,222,77,0,0,144,221,0.00019524100025591906,0.0018714320000299267,16.046875,109,36,0,0.0018714320000299267
dfe3b9088bf4d9a73f1db28a8abc4abf41fea327,2026-08-09T09:02:18,c282295,vm,CPython,3.12.3,10,4,1,11,2,False,pour,M1,L1,astar_early,,h4,"f,-g,fifo",early,open_u_closed_reopen,False,unsolvable_instance,,,,,,,,,,,,,,,,,,
4f88cc277a3556e2790ee659cb7b0b22c221f0c6,2026-08-09T09:02:18,c282295,vm,CPython,3.12.3,10,4,2,12,2,True,pour,M1,L1,astar_early,,h4,"f,-g,fifo",early,open_u_closed_reopen,True,,31,31,,,65,284,114,0,2,169,283,0.0002642540001716043,0.002945979000060106,16.171875,105,65,0,0.002945979000060106
070203ab4c7966aa5c4dfe625afa1c9e6a3f1c3e,2026-08-09T09:02:18,c282295,vm,CPython,3.12.3,10,5,1,11,2,False,pour,M1,L1,astar_early,,h4,"f,-g,fifo",early,open_u_closed_reopen,False,unsolvable_instance,,,,,,,,,,,,,,,,,,
e43daff6a6dbb4c3b426c417a53216184f754061,2026-08-09T09:02:18,c282295,vm,CPython,3.12.3,10,5,2,12,2,True,pour,M1,L1,astar_early,,h4,"f,-g,fifo",early,open_u_closed_reopen,True,,43,43,,,78,298,101,0,6,199,297,0.0005130930002223977,0.006120301999999356,16.17578125,121,78,0,0.006120301999999356
b0d16b245b267afd0dbddc9b8adcca130f3edc43,2026-08-09T09:02:18,c282295,vm,CPython,3.12.3,7,4,1,8,3,False,pour,M1,L1,astar_early,,h4,"f,-g,fifo",early,open_u_closed_reopen,False,unsolvable_instance,,,,,,,,,,,,,,,,,,
8a7ac45a7a7490cedb262ae777085855939cf301,2026-08-09T09:02:18,c282295,vm,CPython,3.12.3,7,4,2,9,3,True,pour,M1,L1,astar_early,,h4,"f,-g,fifo",early,open_u_closed_reopen,True,,22,22,,,29,178,56,0,1,121,177,0.0002000300006557154,0.0021358340000006137,16.05078125,93,29,0,0.0021358340000006137
8f472aa35f70d0df4dfdd17420bf541576574d63,2026-08-09T09:02:18,c282295,vm,CPython,3.12.3,7,5,1,8,3,False,pour,M1,L1,astar_early,,h4,"f,-g,fifo",early,open_u_closed_reopen,False,unsolvable_instance,,,,,,,,,,,,,,,,,,
35964e51333b56282973f5e891e04caefa0095b5,2026-08-09T09:02:18,c282295,vm,CPython,3.12.3,7,5,2,9,3,True,pour,M1,L1,astar_early,,h4,"f,-g,fifo",early,open_u_closed_reopen,True,,27,27,,,31,121,36,0,0,84,120,9.618100023089937e-05,0.0010822730000654701,16.05078125,54,31,0,0.0010822730000654701
ea7d0600f00cce7e63e4e3aa89d12426241d4a7a,2026-08-09T09:02:18,c282295,vm,CPython,3.12.3,8,4,1,9,3,False,pour,M1,L1,astar_early,,h4,"f,-g,fifo",early,open_u_closed_reopen,False,unsolvable_instance,,,,,,,,,,,,,,,,,,
badf0bfb1d6837009a206765015a55a9d96055fd,2026-08-09T09:02:18,c282295,vm,CPython,3.12.3,8,4,2,10,3,True,pour,M1,L1,astar_early,,h4,"f,-g,fifo",early,open_u_closed_reopen,True,,24,24,,,24,114,36,0,0,77,113,9.425700056908681e-05,0.0010279670000272745,16.05078125,54,24,0,0.0010279670000272745
c3ac2122bcc4b1ec368733fa8ee521845b3d615a,2026-08-09T09:02:18,c282295,vm,CPython,3.12.3,8,5,1,9,3,False,pour,M1,L1,astar_early,,h4,"f,-g,fifo",early,open_u_closed_reopen,False,unsolvable_instance,,,,,,,,,,,,,,,,,,
cbf361bdb231eeabc14f8394e39e51c1ca1138c1,2026-08-09T09:02:18,c282295,vm,CPython,3.12.3,8,5,2,10,3,True,pour,M1,L1,astar_early,,h4,"f,-g,fifo",early,open_u_closed_reopen,True,,30,30,,,30,125,36,0,0,88,124,0.00010812599975906778,0.0012164409999968484,16.0546875,59,30,0,0.0012164409999968484
a86cb9ff31a3f19fd30da8d9854e67f62765afd5,2026-08-09T09:02:18,c282295,vm,CPython,3.12.3,9,4,1,10,3,False,pour,M1,L1,astar_early,,h4,"f,-g,fifo",early,open_u_closed_reopen,False,unsolvable_instance,,,,,,,,,,,,,,,,,,
e1104f4ebe8a28e1112d743f9f429f69b12aea6c,2026-08-09T09:02:18,c282295,vm,CPython,3.12.3,9,4,2,11,3,True,pour,M1,L1,astar_early,,h4,"f,-g,fifo",early,open_u_closed_reopen,True,,27,27,,,80,317,105,0,0,214,316,0.00028978300076687447,0.0033231510000177877,16.1796875,135,80,0,0.0033231510000177877
dc6702873059abab4b352f5159eb9810bde59801,2026-08-09T09:02:18,c282295,vm,CPython,3.12.3,9,5,1,10,3,False,pour,M1,L1,astar_early,,h4,"f,-g,fifo",early,open_u_closed_reopen,False,unsolvable_instance,,,,,,,,,,,,,,,,,,
31f45ed3d8b6f7a4f4fd87df8f270fd26b506c9f,2026-08-09T09:02:18,c282295,vm,CPython,3.12.3,9,5,2,11,3,True,pour,M1,L1,astar_early,,h4,"f,-g,fifo",early,open_u_closed_reopen,True,,31,31,,,31,159,62,0,0,96,158,0.0001385349999054597,0.0014444140000478,16.0546875,66,31,0,0.0014444140000478
760ebb855e417a2d0a7252683a01000e5559c052,2026-08-09T09:02:18,c282295,vm,CPython,3.12.3,10,4,1,11,3,False,pour,M1,L1,astar_early,,h4,"f,-g,fifo",early,open_u_closed_reopen,False,unsolvable_instance,,,,,,,,,,,,,,,,,,
c9981402b10dde0adbe29a414eb7500881863996,2026-08-09T09:02:18,c282295,vm,CPython,3.12.3,10,4,2,12,3,True,pour,M1,L1,astar_early,,h4,"f,-g,fifo",early,open_u_closed_reopen,True,,29,29,,,178,563,217,0,5,350,562,0.0005578159989454434,0.0065591219999987516,16.3046875,173,178,0,0.0065591219999987516
06c955f32154d7aa1f408641df382e9937e5b525,2026-08-09T09:02:18,c282295,vm,CPython,3.12.3,10,5,1,11,3,False,pour,M1,L1,astar_early,,h4,"f,-g,fifo",early,open_u_closed_reopen,False,unsolvable_instance,,,,,,,,,,,,,,,,,,
9c2996d38ea3f60e29d2affeeaec030b048ea290,2026-08-09T09:02:18,c282295,vm,CPython,3.12.3,10,5,2,12,3,True,pour,M1,L1,astar_early,,h4,"f,-g,fifo",early,open_u_closed_reopen,True,,42,42,,,71,258,70,0,2,189,257,0.00023703099827798724,0.002916609000067183,16.1796875,119,71,0,0.002916609000067183
e56b9c9c9668b3fa41df5e47dc19d0cb424b6520,2026-08-09T09:02:18,c282295,vm,CPython,3.12.3,7,4,1,8,4,True,pour,M1,L1,astar_early,,h4,"f,-g,fifo",early,open_u_closed_reopen,True,,19,19,,,31,53,3,0,3,50,52,4.8138000124708924e-05,0.0008014080000293688,16.0546875,20,31,0,0.0008014080000293688
bd1044cf63b948a3f95e3aedeb9fd6bbb01e64da,2026-08-09T09:02:18,c282295,vm,CPython,3.12.3,7,4,2,9,4,True,pour,M1,L1,astar_early,,h4,"f,-g,fifo",early,open_u_closed_reopen,True,,19,19,,,19,101,45,0,0,55,100,0.00012798599971119984,0.0013672639998958402,16.0546875,37,19,0,0.0013672639998958402
249984a4e5e00f3df91c3350043abbe7be2667d7,2026-08-09T09:02:18,c282295,vm,CPython,3.12.3,7,5,1,8,4,False,pour,M1,L1,astar_early,,h4,"f,-g,fifo",early,open_u_closed_reopen,False,unsolvable_instance,,,,,,,,,,,,,,,,,,
5ad9a3693c4f53af5faac359c1393736b02e4499,2026-08-09T09:02:18,c282295,vm,CPython,3.12.3,7,5,2,9,4,True,pour,M1,L1,astar_early,,h4,"f,-g,fifo",early,open_u_closed_reopen,True,,27,27,,,59,257,86,0,2,170,256,0.00024678500028585404,0.0024415080000608214,16.1796875,112,59,0,0.0024415080000608214
506c6f592d5a908528435acc7e12754192ee26f5,2026-08-09T09:02:19,c282295,vm,CPython,3.12.3,8,4,1,9,4,False,pour,M1,L1,astar_early,,h4,"f,-g,fifo",early,open_u_closed_reopen,False,unsolvable_instance,,,,,,,,,,,,,,,,,,
8976e3c5cadc180a4403a21595ea673f497b78e0,2026-08-09T09:02:19,c282295,vm,CPython,3.12.3,8,4,2,10,4,True,pour,M1,L1,astar_early,,h4,"f,-g,fifo",early,open_u_closed_reopen,True,,26,26,,,46,198,54,0,0,143,197,0.00017858400042314315,0.0019134259999873393,16.0546875,98,46,0,0.0019134259999873393
90724bc728a2580496813f18fdc34a8fc2ac624e,2026-08-09T09:02:19,c282295,vm,CPython,3.12.3,8,5,1,9,4,False,pour,M1,L1,astar_early,,h4,"f,-g,fifo",early,open_u_closed_reopen,False,unsolvable_instance,,,,,,,,,,,,,,,,,,
efd2f0e24f4cfc742341801f63fc094c61cc25aa,2026-08-09T09:02:19,c282295,vm,CPython,3.12.3,8,5,2,10,4,True,pour,M1,L1,astar_early,,h4,"f,-g,fifo",early,open_u_closed_reopen,True,,28,28,,,120,1058,261,0,0,806,1057,0.0010274499998104147,0.00917083999991064,16.6796875,687,120,0,0.00917083999991064
50b925f169e71bd1d3fef8ce4690c1c6526beb50,2026-08-09T09:02:19,c282295,vm,CPython,3.12.3,9,4,1,10,4,False,pour,M1,L1,astar_early,,h4,"f,-g,fifo",early,open_u_closed_reopen,False,unsolvable_instance,,,,,,,,,,,,,,,,,,
0bad59ca7c2e012c006090dea4b551fa979a04a2,2026-08-09T09:02:19,c282295,vm,CPython,3.12.3,9,4,2,11,4,True,pour,M1,L1,astar_early,,h4,"f,-g,fifo",early,open_u_closed_reopen,True,,30,30,,,71,312,116,0,5,199,311,0.00034211600063827063,0.0032611299999416588,16.1796875,129,71,0,0.0032611299999416588
7158d4d217942c2c5b2b47b9b970f89edb47cab2,2026-08-09T09:02:19,c282295,vm,CPython,3.12.3,9,5,1,10,4,False,pour,M1,L1,astar_early,,h4,"f,-g,fifo",early,open_u_closed_reopen,False,unsolvable_instance,,,,,,,,,,,,,,,,,,
f18995ae35e7db5c410f8e6ca59bba494a31bb53,2026-08-09T09:02:19,c282295,vm,CPython,3.12.3,9,5,2,11,4,True,pour,M1,L1,astar_early,,h4,"f,-g,fifo",early,open_u_closed_reopen,True,,35,35,,,88,299,79,0,2,219,298,0.00027904999933525687,0.003370935000020836,16.1796875,132,88,0,0.003370935000020836
db60b3426dd66325fe0f815db9aa96b4b7407d24,2026-08-09T09:02:19,c282295,vm,CPython,3.12.3,10,4,1,11,4,False,pour,M1,L1,astar_early,,h4,"f,-g,fifo",early,open_u_closed_reopen,False,unsolvable_instance,,,,,,,,,,,,,,,,,,
154cc98fcc8d4ca6083593a9870705fc70be2640,2026-08-09T09:02:19,c282295,vm,CPython,3.12.3,10,4,2,12,4,True,pour,M1,L1,astar_early,,h4,"f,-g,fifo",early,open_u_closed_reopen,True,,31,31,,,5090,22080,13762,0,25,9338,22079,0.021841460998871298,0.22179032400003962,22.921875,4245,5090,0,0.22179032400003962
4262020d82927421adb7cb0364644d5a9aa05410,2026-08-09T09:02:19,c282295,vm,CPython,3.12.3,10,5,1,11,4,False,pour,M1,L1,astar_early,,h4,"f,-g,fifo",early,open_u_closed_reopen,False,unsolvable_instance,,,,,,,,,,,,,,,,,,
d9db5fb1c9382dc162e6f866f8e6886ec73da686,2026-08-09T09:02:19,c282295,vm,CPython,3.12.3,10,5,2,12,4,True,pour,M1,L1,astar_early,,h4,"f,-g,fifo",early,open_u_closed_reopen,True,,37,37,,,1305,5601,3615,0,1,2373,5600,0.005216741998992802,0.05703824399995483,17.93359375,1069,1305,0,0.05703824399995483
9fd567ba9b627a7d620803859d56ff70ad5c9f7b,2026-08-09T09:02:19,c282295,vm,CPython,3.12.3,7,4,1,8,5,False,pour,M1,L1,astar_early,,h4,"f,-g,fifo",early,open_u_closed_reopen,False,unsolvable_instance,,,,,,,,,,,,,,,,,,
7a8ee74b5b376e360701c4294057703cd46e2e70,2026-08-09T09:02:19,c282295,vm,CPython,3.12.3,7,4,2,9,5,True,pour,M1,L1,astar_early,,h4,"f,-g,fifo",early,open_u_closed_reopen,True,,21,21,,,21,98,37,0,0,60,97,7.723200019427168e-05,0.0008019809999950667,16.0546875,40,21,0,0.0008019809999950667
38e7528a75a96bde86f9b12987264fe302df80f1,2026-08-09T09:02:19,c282295,vm,CPython,3.12.3,7,5,1,8,5,False,pour,M1,L1,astar_early,,h4,"f,-g,fifo",early,open_u_closed_reopen,False,unsolvable_instance,,,,,,,,,,,,,,,,,,
9570c419110ac04d31e3bf751611b2000805f49f,2026-08-09T09:02:19,c282295,vm,CPython,3.12.3,7,5,2,9,5,True,pour,M1,L1,astar_early,,h4,"f,-g,fifo",early,open_u_closed_reopen,True,,29,29,,,80,315,83,0,0,231,314,0.00023760799990668602,0.002827493000040704,16.1796875,152,80,0,0.002827493000040704
b2105d4ac3261fa73298772d958659a2bdbfb7ed,2026-08-09T09:02:19,c282295,vm,CPython,3.12.3,8,4,1,9,5,False,pour,M1,L1,astar_early,,h4,"f,-g,fifo",early,open_u_closed_reopen,False,unsolvable_instance,,,,,,,,,,,,,,,,,,
6c0bc6c1453f063d956b59244d409ccabde5c578,2026-08-09T09:02:19,c282295,vm,CPython,3.12.3,8,4,2,10,5,True,pour,M1,L1,astar_early,,h4,"f,-g,fifo",early,open_u_closed_reopen,True,,27,27,,,27,131,34,0,0,96,130,0.00011534400061918859,0.0012172910001027049,16.0546875,70,27,0,0.0012172910001027049
0840f59b4201ea24e043c3e59e2122607931df86,2026-08-09T09:02:19,c282295,vm,CPython,3.12.3,8,5,1,9,5,False,pour,M1,L1,astar_early,,h4,"f,-g,fifo",early,open_u_closed_reopen,False,unsolvable_instance,,,,,,,,,,,,,,,,,,
482672545ef9f13ddfea7bfe17f39e1c4e576a5c,2026-08-09T09:02:19,c282295,vm,CPython,3.12.3,8,5,2,10,5,True,pour,M1,L1,astar_early,,h4,"f,-g,fifo",early,open_u_closed_reopen,True,,31,31,,,55,220,72,0,0,147,219,0.00021392799919794925,0.0024541179999459928,16.0546875,93,55,0,0.0024541179999459928
0ff5e77882988bbd1afca8b797847a2ed52ebe8c,2026-08-09T09:02:19,c282295,vm,CPython,3.12.3,9,4,1,10,5,False,pour,M1,L1,astar_early,,h4,"f,-g,fifo",early,open_u_closed_reopen,False,unsolvable_instance,,,,,,,,,,,,,,,,,,
4b7c08aaf67cf5949ccacb815189b6f9f23cdde5,2026-08-09T09:02:19,c282295,vm,CPython,3.12.3,9,4,2,11,5,True,pour,M1,L1,astar_early,,h4,"f,-g,fifo",early,open_u_closed_reopen,True,,30,30,,,30,170,54,0,0,115,169,0.0001471769987801963,0.00149123200003487,16.0546875,86,30,0,0.00149123200003487
136be61bf45ce94ab18a79cf8cc1e27d06724987,2026-08-09T09:02:19,c282295,vm,CPython,3.12.3,9,5,1,10,5,False,pour,M1,L1,astar_early,,h4,"f,-g,fifo",early,open_u_closed_reopen,False,unsolvable_instance,,,,,,,,,,,,,,,,,,
c496af36e84a8c1a510d850568d884913355869b,2026-08-09T09:02:19,c282295,vm,CPython,3.12.3,9,5,2,11,5,True,pour,M1,L1,astar_early,,h4,"f,-g,fifo",early,open_u_closed_reopen,True,,36,36,,,36,159,43,0,0,115,158,0.0001345399997489949,0.0015015839999250602,16.1796875,80,36,0,0.0015015839999250602
becc12d0e813b83590fee76fd2ba82fd8fe3f8cc,2026-08-09T09:02:19,c282295,vm,CPython,3.12.3,10,4,1,11,5,False,pour,M1,L1,astar_early,,h4,"f,-g,fifo",early,open_u_closed_reopen,False,unsolvable_instance,,,,,,,,,,,,,,,,,,
3df576c527ad499d6931aa6568fb7ded727d73c3,2026-08-09T09:02:19,c282295,vm,CPython,3.12.3,10,4,2,12,5,True,pour,M1,L1,astar_early,,h4,"f,-g,fifo",early,open_u_closed_reopen,True,,34,34,,,140,588,209,0,0,378,587,0.0005496069974242346,0.006162910999933047,16.4296875,239,140,0,0.006162910999933047
829f4f530f0b4f1536d20642361cb284930db1d8,2026-08-09T09:02:19,c282295,vm,CPython,3.12.3,10,5,1,11,5,False,pour,M1,L1,astar_early,,h4,"f,-g,fifo",early,open_u_closed_reopen,False,unsolvable_instance,,,,,,,,,,,,,,,,,,
d0fbb3bc8b8bb0b51d4436a9f3da4e18a1f050e9,2026-08-09T09:02:19,c282295,vm,CPython,3.12.3,10,5,2,12,5,True,pour,M1,L1,astar_early,,h4,"f,-g,fifo",early,open_u_closed_reopen,True,,38,38,,,101,497,143,0,3,353,496,0.0005646979991524859,0.005067100000019309,16.3046875,253,101,0,0.005067100000019309
cd32f2e000d3c650fd2156149ddc3c8d3099a059,2026-08-09T09:02:19,c282295,vm,CPython,3.12.3,7,4,1,8,6,False,pour,M1,L1,astar_early,,h4,"f,-g,fifo",early,open_u_closed_reopen,False,unsolvable_instance,,,,,,,,,,,,,,,,,,
eccf72a9ef31a5d6fa2b386e359022b64481ff6d,2026-08-09T09:02:19,c282295,vm,CPython,3.12.3,7,4,2,9,6,True,pour,M1,L1,astar_early,,h4,"f,-g,fifo",early,open_u_closed_reopen,True,,17,17,,,17,94,39,0,0,54,93,7.277600025190623e-05,0.0007086800000024596,16.0546875,38,17,0,0.0007086800000024596
624dda62a5b462a8f0af4ab81d95810573947f34,2026-08-09T09:02:19,c282295,vm,CPython,3.12.3,7,5,1,8,6,False,pour,M1,L1,astar_early,,h4,"f,-g,fifo",early,open_u_closed_reopen,False,unsolvable_instance,,,,,,,,,,,,,,,,,,
448d1b63879b20a8d2e26ed65ca981aa9607c90c,2026-08-09T09:02:19,c282295,vm,CPython,3.12.3,7,5,2,9,6,True,pour,M1,L1,astar_early,,h4,"f,-g,fifo",early,open_u_closed_reopen,True,,28,28,,,40,188,55,0,0,132,187,0.00014242600070701883,0.0015457860000651635,16.0546875,93,40,0,0.0015457860000651635
d765010281bc9c39b31004da53222788e138faf5,2026-08-09T09:02:19,c282295,vm,CPython,3.12.3,8,4,1,9,6,False,pour,M1,L1,astar_early,,h4,"f,-g,fifo",early,open_u_closed_reopen,False,unsolvable_instance,,,,,,,,,,,,,,,,,,
5ebe88b3f99358e19c4725f032334948821c9f0d,2026-08-09T09:02:19,c282295,vm,CPython,3.12.3,8,4,2,10,6,True,pour,M1,L1,astar_early,,h4,"f,-g,fifo",early,open_u_closed_reopen,True,,23,23,,,33,195,96,0,0,98,194,0.00017124799910561705,0.001714507000087906,16.0546875,66,33,0,0.001714507000087906
26f4fc442cbea18ef96e463094f66ad9f0d8e1b0,2026-08-09T09:02:19,c282295,vm,CPython,3.12.3,8,5,1,9,6,False,pour,M1,L1,astar_early,,h4,"f,-g,fifo",early,open_u_closed_reopen,False,unsolvable_instance,,,,,,,,,,,,,,,,,,
885a0410e40cd57d57f11950e6b3d65345ebdf6e,2026-08-09T09:02:19,c282295,vm,CPython,3.12.3,8,5,2,10,6,True,pour,M1,L1,astar_early,,h4,"f,-g,fifo",early,open_u_closed_reopen,True,,36,36,,,40,158,49,0,3,108,157,0.00014122899983703974,0.0015514309999389297,16.0546875,69,40,0,0.0015514309999389297
b790ee12bbe10f30384dcea7982912f10201a186,2026-08-09T09:02:19,c282295,vm,CPython,3.12.3,9,4,1,10,6,False,pour,M1,L1,astar_early,,h4,"f,-g,fifo",early,open_u_closed_reopen,False,unsolvable_instance,,,,,,,,,,,,,,,,,,
69ad3cb75fd5bd9fd1ed4761088ab66e5e310bc0,2026-08-09T09:02:19,c282295,vm,CPython,3.12.3,9,4,2,11,6,True,pour,M1,L1,astar_early,,h4,"f,-g,fifo",early,open_u_closed_reopen,True,,30,30,,,31,144,50,0,1,93,143,0.00014654300014171895,0.0013258280000627565,16.0546875,63,31,0,0.0013258280000627565
806e82dfc1a3d9ba046fb97ad69768ffb030c703,2026-08-09T09:02:19,c282295,vm,CPython,3.12.3,9,5,1,10,6,False,pour,M1,L1,astar_early,,h4,"f,-g,fifo",early,open_u_closed_reopen,False,unsolvable_instance,,,,,,,,,,,,,,,,,,
7c0f7ec591775960adc91f49c27dd60fb71e0c02,2026-08-09T09:02:19,c282295,vm,CPython,3.12.3,9,5,2,11,6,True,pour,M1,L1,astar_early,,h4,"f,-g,fifo",early,open_u_closed_reopen,True,,38,38,,,58,273,109,0,0,163,272,0.0002388910012314227,0.0025104970000029425,16.1796875,106,58,0,0.0025104970000029425
a8818daf6f207a2eedd0603233a74b7c691bcecc,2026-08-09T09:02:19,c282295,vm,CPython,3.12.3,10,4,1,11,6,False,pour,M1,L1,astar_early,,h4,"f,-g,fifo",early,open_u_closed_reopen,False,unsolvable_instance,,,,,,,,,,,,,,,,,,
71ed7069f92768db3b2a3100b1efcba0e1309518,2026-08-09T09:02:19,c282295,vm,CPython,3.12.3,10,4,2,12,6,True,pour,M1,L1,astar_early,,h4,"f,-g,fifo",early,open_u_closed_reopen,True,,30,30,,,32,175,68,0,0,106,174,0.00015430200016908202,0.0015232510000942057,16.0546875,75,32,0,0.0015232510000942057
ed0a7b79e2211ac7dc72ea86c31be854886780a0,2026-08-09T09:02:19,c282295,vm,CPython,3.12.3,10,5,1,11,6,False,pour,M1,L1,astar_early,,h4,"f,-g,fifo",early,open_u_closed_reopen,False,unsolvable_instance,,,,,,,,,,,,,,,,,,
f7b6ca0899b884f1a930143a2c1e2491ab7136f6,2026-08-09T09:02:19,c282295,vm,CPython,3.12.3,10,5,2,12,6,True,pour,M1,L1,astar_early,,h4,"f,-g,fifo",early,open_u_closed_reopen,True,,41,41,,,44,219,74,0,0,144,218,0.00023829000042496773,0.002217871000084415,16.0546875,101,44,0,0.002217871000084415
d9731263cfba896b5a4cfcc5305a5c74ca0406c2,2026-08-09T09:02:19,c282295,vm,CPython,3.12.3,7,4,1,8,7,False,pour,M1,L1,astar_early,,h4,"f,-g,fifo",early,open_u_closed_reopen,False,unsolvable_instance,,,,,,,,,,,,,,,,,,
89748a276a91916c1ea154ceef2a0dded05f8091,2026-08-09T09:02:19,c282295,vm,CPython,3.12.3,7,4,2,9,7,True,pour,M1,L1,astar_early,,h4,"f,-g,fifo",early,open_u_closed_reopen,True,,21,21,,,66,413,126,0,0,287,412,0.0003497860002426023,0.0032338810000283047,16.1796875,222,66,0,0.0032338810000283047
8c9cf1952bb255a2895d7afa78e2da1d65656d10,2026-08-09T09:02:19,c282295,vm,CPython,3.12.3,7,5,1,8,7,False,pour,M1,L1,astar_early,,h4,"f,-g,fifo",early,open_u_closed_reopen,False,unsolvable_instance,,,,,,,,,,,,,,,,,,
16743cf91c1803b76f157b0cc3ace9355e4f2a7e,2026-08-09T09:02:19,c282295,vm,CPython,3.12.3,7,5,2,9,7,True,pour,M1,L1,astar_early,,h4,"f,-g,fifo",early,open_u_closed_reopen,True,,28,28,,,141,762,332,0,0,442,761,0.0005820299974175214,0.005822991999934857,16.3046875,302,141,0,0.005822991999934857
bbdb55b0d001bd9ca5c112ff1f73cb83bedc159c,2026-08-09T09:02:19,c282295,vm,CPython,3.12.3,8,4,1,9,7,False,pour,M1,L1,astar_early,,h4,"f,-g,fifo",early,open_u_closed_reopen,False,unsolvable_instance,,,,,,,,,,,,,,,,,,
36dd9efc3ad913fa53eb7c2a535dd903ae6c9c61,2026-08-09T09:02:19,c282295,vm,CPython,3.12.3,8,4,2,10,7,True,pour,M1,L1,astar_early,,h4,"f,-g,fifo",early,open_u_closed_reopen,True,,24,24,,,41,151,44,0,3,106,150,0.0001350559998627432,0.001523572999985845,16.0546875,66,41,0,0.001523572999985845
df76d37af6ec827476d40ffdf75d2b1ebd4bbe7d,2026-08-09T09:02:19,c282295,vm,CPython,3.12.3,8,5,1,9,7,False,pour,M1,L1,astar_early,,h4,"f,-g,fifo",early,open_u_closed_reopen,False,unsolvable_instance,,,,,,,,,,,,,,,,,,
eca6c78a22a989940020c8f65be7151f632e0ebf,2026-08-09T09:02:20,c282295,vm,CPython,3.12.3,8,5,2,10,7,True,pour,M1,L1,astar_early,,h4,"f,-g,fifo",early,open_u_closed_reopen,True,,31,31,,,65,335,134,0,0,205,334,0.0002812909997373936,0.0029698470000312227,16.1796875,141,65,0,0.0029698470000312227
03ea386b6bc219f9cdec2728685352190a4cb895,2026-08-09T09:02:20,c282295,vm,CPython,3.12.3,9,4,1,10,7,False,pour,M1,L1,astar_early,,h4,"f,-g,fifo",early,open_u_closed_reopen,False,unsolvable_instance,,,,,,,,,,,,,,,,,,
dc5d0e7d7b7605b7340517f7503704e3d100a534,2026-08-09T09:02:20,c282295,vm,CPython,3.12.3,9,4,2,11,7,True,pour,M1,L1,astar_early,,h4,"f,-g,fifo",early,open_u_closed_reopen,True,,30,30,,,114,431,222,0,3,211,430,0.0004728240006670603,0.00417947699997967,16.1796875,98,114,0,0.00417947699997967
d2707075ebd30643ed7882daf9e0569a83a9c7a4,2026-08-09T09:02:20,c282295,vm,CPython,3.12.3,9,5,1,10,7,False,pour,M1,L1,astar_early,,h4,"f,-g,fifo",early,open_u_closed_reopen,False,unsolvable_instance,,,,,,,,,,,,,,,,,,
a1867a29e93462e6c230d77513ab1ce01cd6bc2a,2026-08-09T09:02:20,c282295,vm,CPython,3.12.3,9,5,2,11,7,True,pour,M1,L1,astar_early,,h4,"f,-g,fifo",early,open_u_closed_reopen,True,,38,38,,,41,178,55,0,0,122,177,0.00016389999927923782,0.0017276199999969322,16.0546875,82,41,0,0.0017276199999969322
10d4c11a209043066607ecc7ca1ed6eb24f64dc4,2026-08-09T09:02:20,c282295,vm,CPython,3.12.3,10,4,1,11,7,False,pour,M1,L1,astar_early,,h4,"f,-g,fifo",early,open_u_closed_reopen,False,unsolvable_instance,,,,,,,,,,,,,,,,,,
7a79c57d04d5b1f64397788272a68242dc3e381a,2026-08-09T09:02:20,c282295,vm,CPython,3.12.3,10,4,2,12,7,True,pour,M1,L1,astar_early,,h4,"f,-g,fifo",early,open_u_closed_reopen,True,,29,29,,,101,552,253,0,1,301,551,0.0005744400008325101,0.005104828999947131,16.1796875,201,101,0,0.005104828999947131
f43e77418642fa150360d0ddd79179c010b59432,2026-08-09T09:02:20,c282295,vm,CPython,3.12.3,10,5,1,11,7,False,pour,M1,L1,astar_early,,h4,"f,-g,fifo",early,open_u_closed_reopen,False,unsolvable_instance,,,,,,,,,,,,,,,,,,
fa4a34b20e0a25da2bfcf19fec42022d494dca59,2026-08-09T09:02:20,c282295,vm,CPython,3.12.3,10,5,2,12,7,True,pour,M1,L1,astar_early,,h4,"f,-g,fifo",early,open_u_closed_reopen,True,,41,41,,,79,341,119,0,1,221,340,0.0003329349988234753,0.0037235720000126094,16.1796875,143,79,0,0.0037235720000126094
e4d8137bed3f330786ef717fe440e549c5b35e74,2026-08-09T09:02:20,c282295,vm,CPython,3.12.3,4,4,1,5,0,True,pour,M1,L1,astar_early,,h0,"f,-g,fifo",early,open_u_closed_reopen,True,,11,11,,,39,56,16,0,0,39,55,4.223600024033658e-05,0.000567342999943321,15.828125,5,39,0,0.000567342999943321
dcd7156fcf4c5da8212275887a82649831625a4c,2026-08-09T09:02:20,c282295,vm,CPython,3.12.3,4,4,1,5,0,True,pour,M1,L1,astar_early,,h3,"f,-g,fifo",early,open_u_closed_reopen,True,,11,11,,,25,37,5,0,0,33,36,2.816199969402078e-05,0.0004183190000048853,15.92578125,9,25,0,0.0004183190000048853
eddd77555f8576bda81719412cf84a1574d819b5,2026-08-09T09:02:20,c282295,vm,CPython,3.12.3,4,4,2,6,0,True,pour,M1,L1,astar_early,,h0,"f,-g,fifo",early,open_u_closed_reopen,True,,11,11,,,530,2113,1561,0,0,551,2112,0.0014820539959146117,0.01192929199999071,16.44140625,108,530,0,0.01192929199999071
ff1b839894f9408063723d6359961550d0b38b57,2026-08-09T09:02:20,c282295,vm,CPython,3.12.3,4,4,2,6,0,True,pour,M1,L1,astar_early,,h3,"f,-g,fifo",early,open_u_closed_reopen,True,,11,11,,,25,155,53,0,0,103,154,0.00010906800036991626,0.0011415269999588418,16.07421875,79,25,0,0.0011415269999588418
4fa264303d6d6a8c8ef5c6f370837287d8bf7048,2026-08-09T09:02:20,c282295,vm,CPython,3.12.3,5,4,1,6,0,False,pour,M1,L1,astar_early,,h0,"f,-g,fifo",early,open_u_closed_reopen,False,unsolvable_instance,,,,,,,,,,,,,,,,,,
e17647e7650b18d3076b3faac91611573c3c5378,2026-08-09T09:02:20,c282295,vm,CPython,3.12.3,5,4,1,6,0,False,pour,M1,L1,astar_early,,h3,"f,-g,fifo",early,open_u_closed_reopen,False,unsolvable_instance,,,,,,,,,,,,,,,,,,
5a9ed9abdea0bc75ca4ff2ab97154b0b9e967310,2026-08-09T09:02:20,c282295,vm,CPython,3.12.3,5,4,2,7,0,True,pour,M1,L1,astar_early,,h0,"f,-g,fifo",early,open_u_closed_reopen,True,,15,15,,,1129,4645,3492,0,3,1152,4644,0.003336277001835697,0.027576189999990675,16.703125,193,1129,0,0.027576189999990675
51efec9f0a324ca8aaa837b464cdbf720b841f8f,2026-08-09T09:02:20,c282295,vm,CPython,3.12.3,5,4,2,7,0,True,pour,M1,L1,astar_early,,h3,"f,-g,fifo",early,open_u_closed_reopen,True,,15,15,,,271,1292,733,0,3,576,1291,0.0008179570025959038,0.007933795999974791,16.45703125,313,271,0,0.007933795999974791
679716c40923cabee9ad07e0654402003c777ce2,2026-08-09T09:02:20,c282295,vm,CPython,3.12.3,6,4,1,7,0,False,pour,M1,L1,astar_early,,h0,"f,-g,fifo",early,open_u_closed_reopen,False,unsolvable_instance,,,,,,,,,,,,,,,,,,
ffb72d5a48739f47f8613133143a8e70a991efa3,2026-08-09T09:02:20,c282295,vm,CPython,3.12.3,6,4,1,7,0,False,pour,M1,L1,astar_early,,h3,"f,-g,fifo",early,open_u_closed_reopen,False,unsolvable_instance,,,,,,,,,,,,,,,,,,
7792062ff5b784248036640554f5d8a0b96f620d,2026-08-09T09:02:20,c282295,vm,CPython,3.12.3,6,4,2,8,0,True,pour,M1,L1,astar_early,,h0,"f,-g,fifo",early,open_u_closed_reopen,True,,18,18,,,2807,10800,7924,0,5,2875,10799,0.012621964001823471,0.09135395999999218,17.95703125,340,2807,0,0.09135395999999218
88402ec840fdbaa2163ab559f4b7f0d6ff82cdc8,2026-08-09T09:02:20,c282295,vm,CPython,3.12.3,6,4,2,8,0,True,pour,M1,L1,astar_early,,h3,"f,-g,fifo",early,open_u_closed_reopen,True,,18,18,,,167,810,326,0,2,488,809,0.0006376159984711194,0.008775745999969331,16.33203125,322,167,0,0.008775745999969331
13967198f44347a76f7de53f6d5cbbcabdbd6322,2026-08-09T09:02:20,c282295,vm,CPython,3.12.3,7,4,1,8,0,False,pour,M1,L1,astar_early,,h0,"f,-g,fifo",early,open_u_closed_reopen,False,unsolvable_instance,,,,,,,,,,,,,,,,,,
f5ea29d74d17b3d974d8a5a6cfe1626817cd8f65,2026-08-09T09:02:20,c282295,vm,CPython,3.12.3,7,4,1,8,0,False,pour,M1,L1,astar_early,,h3,"f,-g,fifo",early,open_u_closed_reopen,False,unsolvable_instance,,,,,,,,,,,,,,,,,,
a9446bfaa0aba047d4d13bea88503de942389170,2026-08-09T09:02:20,c282295,vm,CPython,3.12.3,7,4,2,9,0,True,pour,M1,L1,astar_early,,h0,"f,-g,fifo",early,open_u_closed_reopen,True,,22,22,,,5568,18788,13141,0,25,5646,18787,0.01464012798510339,0.1446929530000034,20.20703125,505,5568,0,0.1446929530000034
305709083584d1314785fac419e675c260826a00,2026-08-09T09:02:20,c282295,vm,CPython,3.12.3,7,4,2,9,0,True,pour,M1,L1,astar_early,,h3,"f,-g,fifo",early,open_u_closed_reopen,True,,22,22,,,154,851,333,0,0,520,850,0.0007060309994812997,0.0063604719999830195,16.45703125,367,154,0,0.0063604719999830195
ed91a0d0f8e5c2a5a452278fab30c5c22c984e7d,2026-08-09T09:02:20,c282295,vm,CPython,3.12.3,4,4,1,5,1,False,pour,M1,L1,astar_early,,h0,"f,-g,fifo",early,open_u_closed_reopen,False,unsolvable_instance,,,,,,,,,,,,,,,,,,
a203481fab09178005be7209d5dfcd7b8b3b5c47,2026-08-09T09:02:20,c282295,vm,CPython,3.12.3,4,4,1,5,1,False,pour,M1,L1,astar_early,,h3,"f,-g,fifo",early,open_u_closed_reopen,False,unsolvable_instance,,,,,,,,,,,,,,,,,,
94dcbf351ec3c5f659ab7641dc3d5ffeccbc7361,2026-08-09T09:02:20,c282295,vm,CPython,3.12.3,4,4,2,6,1,True,pour,M1,L1,astar_early,,h0,"f,-g,fifo",early,open_u_closed_reopen,True,,12,12,,,475,1797,1304,0,0,492,1796,0.0010598400037906686,0.009643671000048926,16.33203125,88,475,0,0.009643671000048926
ec5fa58db3fd030f22c9b10b523670b7fcf51930,2026-08-09T09:02:20,c282295,vm,CPython,3.12.3,4,4,2,6,1,True,pour,M1,L1,astar_early,,h3,"f,-g,fifo",early,open_u_closed_reopen,True,,12,12,,,25,154,55,0,0,99,153,9.497599967289716e-05,0.001003447000016422,16.0859375,75,25,0,0.001003447000016422
b240c047f694ed56703dd7940b723769da4c3469,2026-08-09T09:02:20,c282295,vm,CPython,3.12.3,5,4,1,6,1,False,pour,M1,L1,astar_early,,h0,"f,-g,fifo",early,open_u_closed_reopen,False,unsolvable_instance,,,,,,,,,,,,,,,,,,
a1c194baf5ab3d13a20b1ae6eb499aa189457f73,2026-08-09T09:02:20,c282295,vm,CPython,3.12.3,5,4,1,6,1,False,pour,M1,L1,astar_early,,h3,"f,-g,fifo",early,open_u_closed_reopen,False,unsolvable_instance,,,,,,,,,,,,,,,,,,
237fca51aaf3090f26fc3e58b888386fb9a0147e,2026-08-09T09:02:20,c282295,vm,CPython,3.12.3,5,4,2,7,1,True,pour,M1,L1,astar_early,,h0,"f,-g,fifo",early,open_u_closed_reopen,True,,16,16,,,940,3865,2901,0,0,963,3864,0.00257308600032502,0.02216508900005465,16.5859375,123,940,0,0.02216508900005465
da9ad29bd9daf6e844122e270ed1f697f2e62376,2026-08-09T09:02:20,c282295,vm,CPython,3.12.3,5,4,2,7,1,True,pour,M1,L1,astar_early,,h3,"f,-g,fifo",early,open_u_closed_reopen,True,,16,16,,,383,1821,1233,0,0,647,1820,0.001200380996124295,0.010703966000050968,16.4609375,263,383,0,0.010703966000050968
8a44f5f476fd73b4aa72dfe0e81a24c0586bdc97,2026-08-09T09:02:20,c282295,vm,CPython,3.12.3,6,4,1,7,1,False,pour,M1,L1,astar_early,,h0,"f,-g,fifo",early,open_u_closed_reopen,False,unsolvable_instance,,,,,,,,,,,,,,,,,,
76365951b36cf9cdecef49dce4692f01a022ad0d,2026-08-09T09:02:20,c282295,vm,CPython,3.12.3,6,4,1,7,1,False,pour,M1,L1,astar_early,,h3,"f,-g,fifo",early,open_u_closed_reopen,False,unsolvable_instance,,,,,,,,,,,,,,,,,,
2488fbb43beab97e83ab6ef50b8d774a176e6e2a,2026-08-09T09:02:20,c282295,vm,CPython,3.12.3,6,4,2,8,1,True,pour,M1,L1,astar_early,,h0,"f,-g,fifo",early,open_u_closed_reopen,True,,19,19,,,2458,8737,6245,0,4,2491,8736,0.0071553529954826445,0.06801766899991435,17.5859375,296,2458,0,0.06801766899991435
4e1430b9ae0ed77d8de62b1d55dcebcb193bea11,2026-08-09T09:02:20,c282295,vm,CPython,3.12.3,6,4,2,8,1,True,pour,M1,L1,astar_early,,h3,"f,-g,fifo",early,open_u_closed_reopen,True,,19,19,,,824,3306,1967,0,3,1462,3305,0.0024402200008353248,0.024521895999896515,16.9609375,641,824,0,0.024521895999896515
24989144804256f9ef845a56f74bce3501327c74,2026-08-09T09:02:20,c282295,vm,CPython,3.12.3,7,4,1,8,1,False,pour,M1,L1,astar_early,,h0,"f,-g,fifo",early,open_u_closed_reopen,False,unsolvable_instance,,,,,,,,,,,,,,,,,,
d7449076934895492f74f9f73b2aceee6119d834,2026-08-09T09:02:20,c282295,vm,CPython,3.12.3,7,4,1,8,1,False,pour,M1,L1,astar_early,,h3,"f,-g,fifo",early,open_u_closed_reopen,False,unsolvable_instance,,,,,,,,,,,,,,,,,,
a485c88e0db9aae26d07ac66f2caba15cee09ffe,2026-08-09T09:02:20,c282295,vm,CPython,3.12.3,7,4,2,9,1,True,pour,M1,L1,astar_early,,h0,"f,-g,fifo",early,open_u_closed_reopen,True,,21,21,,,4759,14371,9558,0,0,4812,14370,0.011128145006409795,0.11666312600004858,18.8359375,494,4759,0,0.11666312600004858
0bdc655a7db7feedd433556b6b72f9e8bebd7b8a,2026-08-09T09:02:21,c282295,vm,CPython,3.12.3,7,4,2,9,1,True,pour,M1,L1,astar_early,,h3,"f,-g,fifo",early,open_u_closed_reopen,True,,21,21,,,351,1637,834,0,0,856,1636,0.0012041040008625714,0.0117534149999301,16.5859375,506,351,0,0.0117534149999301
1edb389b7fad6ae85e6c56f4b8d7a440c2c264c1,2026-08-09T09:02:21,c282295,vm,CPython,3.12.3,4,4,1,5,2,True,pour,M1,L1,astar_early,,h0,"f,-g,fifo",early,open_u_closed_reopen,True,,12,12,,,54,95,38,0,3,56,94,6.137000013950455e-05,0.0007280850001052386,15.9609375,8,54,0,0.0007280850001052386
8779d06ce9f6eb3d99f06fa6f44cce60ffc970aa,2026-08-09T09:02:21,c282295,vm,CPython,3.12.3,4,4,1,5,2,True,pour,M1,L1,astar_early,,h3,"f,-g,fifo",early,open_u_closed_reopen,True,,12,12,,,14,28,2,0,1,25,27,1.825699962409999e-05,0.0002719770000112476,15.9609375,12,14,0,0.0002719770000112476
c620192ae7d2fa0692bd5102a860702a03023c98,2026-08-09T09:02:21,c282295,vm,CPython,3.12.3,4,4,2,6,2,True,pour,M1,L1,astar_early,,h0,"f,-g,fifo",early,open_u_closed_reopen,True,,12,12,,,672,2794,2098,0,1,695,2793,0.0021160139990570315,0.01780143999997108,16.46484375,131,672,0,0.01780143999997108
9e528e9228c90c3f5a910474ce5f3bac0efb51a3,2026-08-09T09:02:21,c282295,vm,CPython,3.12.3,4,4,2,6,2,True,pour,M1,L1,astar_early,,h3,"f,-g,fifo",early,open_u_closed_reopen,True,,12,12,,,14,92,33,0,0,58,91,9.654500036049285e-05,0.0008895919999076796,15.9609375,45,14,0,0.0008895919999076796
6634ca3e6964e281adaf4ff91ebf9c163044bd35,2026-08-09T09:02:21,c282295,vm,CPython,3.12.3,5,4,1,6,2,False,pour,M1,L1,astar_early,,h0,"f,-g,fifo",early,open_u_closed_reopen,False,unsolvable_instance,,,,,,,,,,,,,,,,,,
1ddbd1d13b7dda252dc86b9fb3a86bb4811346e5,2026-08-09T09:02:21,c282295,vm,CPython,3.12.3,5,4,1,6,2,False,pour,M1,L1,astar_early,,h3,"f,-g,fifo",early,open_u_closed_reopen,False,unsolvable_instance,,,,,,,,,,,,,,,,,,
a627a00e0bac80e7580afe3baa003b15af1eaf83,2026-08-09T09:02:21,c282295,vm,CPython,3.12.3,5,4,2,7,2,True,pour,M1,L1,astar_early,,h0,"f,-g,fifo",early,open_u_closed_reopen,True,,14,14,,,854,3068,2184,0,0,883,3067,0.003281717000163553,0.0302587549999771,16.58984375,147,854,0,0.0302587549999771
4ba7dd04f05b7034510be2ac5c4ec143f9a5b069,2026-08-09T09:02:21,c282295,vm,CPython,3.12.3,5,4,2,7,2,True,pour,M1,L1,astar_early,,h3,"f,-g,fifo",early,open_u_closed_reopen,True,,14,14,,,57,279,127,0,0,152,278,0.00020491499992658646,0.0020344750000731437,16.08984375,96,57,0,0.0020344750000731437
3cb162bdc081538f3df74e4eaaf6a9c210ffd958,2026-08-09T09:02:21,c282295,vm,CPython,3.12.3,6,4,1,7,2,False,pour,M1,L1,astar_early,,h0,"f,-g,fifo",early,open_u_closed_reopen,False,unsolvable_instance,,,,,,,,,,,,,,,,,,
4a06911031562a2e895a35745f96b9bae32c0efc,2026-08-09T09:02:21,c282295,vm,CPython,3.12.3,6,4,1,7,2,False,pour,M1,L1,astar_early,,h3,"f,-g,fifo",early,open_u_closed_reopen,False,unsolvable_instance,,,,,,,,,,,,,,,,,,
5f2b55b9e41d72f7c1d0f646794e5f4dd08ca2d3,2026-08-09T09:02:21,c282295,vm,CPython,3.12.3,6,4,2,8,2,True,pour,M1,L1,astar_early,,h0,"f,-g,fifo",early,open_u_closed_reopen,True,,18,18,,,2674,9396,6644,0,1,2751,9395,0.010128429999781474,0.0997921050000059,17.83984375,355,2674,0,0.0997921050000059
b9f38943a2b0551f68a9bec31fff0d5b5732e44f,2026-08-09T09:02:21,c282295,vm,CPython,3.12.3,6,4,2,8,2,True,pour,M1,L1,astar_early,,h3,"f,-g,fifo",early,open_u_closed_reopen,True,,18,18,,,35,253,74,0,0,178,252,0.0002615880010807814,0.002328359999978602,16.21484375,144,35,0,0.002328359999978602
b4842b88f6db926cb0403d3b96936cefc1a22f10,2026-08-09T09:02:21,c282295,vm,CPython,3.12.3,7,4,1,8,2,False,pour,M1,L1,astar_early,,h0,"f,-g,fifo",early,open_u_closed_reopen,False,unsolvable_instance,,,,,,,,,,,,,,,,,,
8e383f3fd54e91e0d3321e9b39f4a99b286a531c,2026-08-09T09:02:21,c282295,vm,CPython,3.12.3,7,4,1,8,2,False,pour,M1,L1,astar_early,,h3,"f,-g,fifo",early,open_u_closed_reopen,False,unsolvable_instance,,,,,,,,,,,,,,,,,,
4d75147d7df1f7aaeaf1f4dc5545ccb6d5a244aa,2026-08-09T09:02:21,c282295,vm,CPython,3.12.3,7,4,2,9,2,True,pour,M1,L1,astar_early,,h0,"f,-g,fifo",early,open_u_closed_reopen,True,,21,21,,,4802,17772,12912,0,17,4859,17771,0.017429062000928752,0.16064206400005787,18.96484375,509,4802,0,0.16064206400005787
4e62bb8874696ca683bcf49e71e8452061fcb45a,2026-08-09T09:02:21,c282295,vm,CPython,3.12.3,7,4,2,9,2,True,pour,M1,L1,astar_early,,h3,"f,-g,fifo",early,open_u_closed_reopen,True,,21,21,,,523,2155,1112,0,6,1068,2154,0.0018586050009616883,0.017119008000008762,16.71484375,546,523,0,0.017119008000008762
09d455e1326bc62c424fc2f98a4ce5f0f922d166,2026-08-09T09:02:21,c282295,vm,CPython,3.12.3,4,4,1,5,3,False,pour,M1,L1,astar_early,,h0,"f,-g,fifo",early,open_u_closed_reopen,False,unsolvable_instance,,,,,,,,,,,,,,,,,,
a52a86878b62cb45b4bea1e2adc775cf0af68a91,2026-08-09T09:02:21,c282295,vm,CPython,3.12.3,4,4,1,5,3,False,pour,M1,L1,astar_early,,h3,"f,-g,fifo",early,open_u_closed_reopen,False,unsolvable_instance,,,,,,,,,,,,,,,,,,
ce620e7dfc5a39bcc8a8c5418a1cf247c3a76868,2026-08-09T09:02:21,c282295,vm,CPython,3.12.3,4,4,2,6,3,True,pour,M1,L1,astar_early,,h0,"f,-g,fifo",early,open_u_closed_reopen,True,,11,11,,,387,1501,1085,0,0,415,1500,0.00099192599793696,0.008460301000013715,16.33984375,79,387,0,0.008460301000013715
bd1bb277b84ca01ccb690a55b8147d3a2cebec61,2026-08-09T09:02:21,c282295,vm,CPython,3.12.3,4,4,2,6,3,True,pour,M1,L1,astar_early,,h3,"f,-g,fifo",early,open_u_closed_reopen,True,,11,11,,,18,96,35,0,0,60,95,6.289900056799524e-05,0.0005728990000761769,15.9609375,43,18,0,0.0005728990000761769
af16384f68806a44caa914197cdd024dc93091ea,2026-08-09T09:02:21,c282295,vm,CPython,3.12.3,5,4,1,6,3,False,pour,M1,L1,astar_early,,h0,"f,-g,fifo",early,open_u_closed_reopen,False,unsolvable_instance,,,,,,,,,,,,,,,,,,
041273ff8c089d3a9c336489ed03bccc2b5406f3,2026-08-09T09:02:21,c282295,vm,CPython,3.12.3,5,4,1,6,3,False,pour,M1,L1,astar_early,,h3,"f,-g,fifo",early,open_u_closed_reopen,False,unsolvable_instance,,,,,,,,,,,,,,,,,,
5a59df32bb27ab9df8a37e377557d1864fa45f2a,2026-08-09T09:02:21,c282295,vm,CPython,3.12.3,5,4,2,7,3,True,pour,M1,L1,astar_early,,h0,"f,-g,fifo",early,open_u_closed_reopen,True,,14,14,,,1003,3798,2743,0,1,1054,3797,0.0026414390018771883,0.02286977599999318,16.71484375,162,1003,0,0.02286977599999318
d8e3f80c2a81fb2fe794b2fa7e092c1ff0324130,2026-08-09T09:02:21,c282295,vm,CPython,3.12.3,5,4,2,7,3,True,pour,M1,L1,astar_early,,h3,"f,-g,fifo",early,open_u_closed_reopen,True,,14,14,,,54,304,130,0,0,174,303,0.00020450699923912907,0.0019830469999533307,16.21484375,121,54,0,0.0019830469999533307
c9962506edc6bb777d68a5e5baeed96ab21e03d7,2026-08-09T09:02:21,c282295,vm,CPython,3.12.3,6,4,1,7,3,False,pour,M1,L1,astar_early,,h0,"f,-g,fifo",early,open_u_closed_reopen,False,unsolvable_instance,,,,,,,,,,,,,,,,,,
26ad529851e1b6b4d22974f8d55c4e5da73caddf,2026-08-09T09:02:21,c282295,vm,CPython,3.12.3,6,4,1,7,3,False,pour,M1,L1,astar_early,,h3,"f,-g,fifo",early,open_u_closed_reopen,False,unsolvable_instance,,,,,,,,,,,,,,,,,,
3ca0b33e94675a24b9aa154ed9dea0a0d93d4536,2026-08-09T09:02:21,c282295,vm,CPython,3.12.3,6,4,2,8,3,True,pour,M1,L1,astar_early,,h0,"f,-g,fifo",early,open_u_closed_reopen,True,,18,18,,,3557,14908,11313,0,0,3594,14907,0.010815741004535084,0.0955512020000242,18.33984375,472,3557,0,0.0955512020000242
0a3d0c96bb146f99818f9e726b3c9829c56df085,2026-08-09T09:02:21,c282295,vm,CPython,3.12.3,6,4,2,8,3,True,pour,M1,L1,astar_early,,h3,"f,-g,fifo",early,open_u_closed_reopen,True,,18,18,,,955,4688,2928,0,0,1880,4687,0.0034876670021048994,0.03222657099991011,17.33984375,927,955,0,0.03222657099991011
4ede12dffb52089fe206dc374d54832256807f99,2026-08-09T09:02:21,c282295,vm,CPython,3.12.3,7,4,1,8,3,False,pour,M1,L1,astar_early,,h0,"f,-g,fifo",early,open_u_closed_reopen,False,unsolvable_instance,,,,,,,,,,,,,,,,,,
b10f439298fa911796feef5a92a3d88468609314,2026-08-09T09:02:21,c282295,vm,CPython,3.12.3,7,4,1,8,3,False,pour,M1,L1,astar_early,,h3,"f,-g,fifo",early,open_u_closed_reopen,False,unsolvable_instance,,,,,,,,,,,,,,,,,,
7b4631d74cadd5dcf07e78ac85cb717c765fe888,2026-08-09T09:02:22,c282295,vm,CPython,3.12.3,7,4,2,9,3,True,pour,M1,L1,astar_early,,h0,"f,-g,fifo",early,open_u_closed_reopen,True,,22,22,,,5945,20673,14653,0,16,6019,20672,0.01965024001049187,0.18829446100005498,20.33984375,577,5945,0,0.18829446100005498
8a04881ef55b606f5ed81985d50e6079164e29c1,2026-08-09T09:02:22,c282295,vm,CPython,3.12.3,7,4,2,9,3,True,pour,M1,L1,astar_early,,h3,"f,-g,fifo",early,open_u_closed_reopen,True,,22,22,,,1307,5375,3213,0,5,2374,5374,0.0068572560046504805,0.05296296799997435,17.71484375,1092,1307,0,0.05296296799997435
a31261a3cf59e00a9629722b9ab5600e16dbd3cb,2026-08-09T09:02:22,c282295,vm,CPython,3.12.3,4,4,1,5,4,False,pour,M1,L1,astar_early,,h0,"f,-g,fifo",early,open_u_closed_reopen,False,unsolvable_instance,,,,,,,,,,,,,,,,,,
edbf3b9507883a64c7acdc81b32bbc0c97ee73d4,2026-08-09T09:02:22,c282295,vm,CPython,3.12.3,4,4,1,5,4,False,pour,M1,L1,astar_early,,h3,"f,-g,fifo",early,open_u_closed_reopen,False,unsolvable_instance,,,,,,,,,,,,,,,,,,
85a665e3f56bfe04fbfbf80fa0d63d00b7fcbba0,2026-08-09T09:02:22,c282295,vm,CPython,3.12.3,4,4,2,6,4,True,pour,M1,L1,astar_early,,h0,"f,-g,fifo",early,open_u_closed_reopen,True,,12,12,,,390,1532,1126,0,0,405,1531,0.0013337360014702426,0.013293101999920509,16.33984375,72,390,0,0.013293101999920509
8c82eecd6ea2c0b4155003354f31447e7f69066b,2026-08-09T09:02:22,c282295,vm,CPython,3.12.3,4,4,2,6,4,True,pour,M1,L1,astar_early,,h3,"f,-g,fifo",early,open_u_closed_reopen,True,,12,12,,,132,558,321,0,0,251,557,0.0005560960005368543,0.004211061999967569,16.21484375,120,132,0,0.004211061999967569
1a685d01298a64b1bea8c1e5029137cf8f4c3623,2026-08-09T09:02:22,c282295,vm,CPython,3.12.3,5,4,1,6,4,False,pour,M1,L1,astar_early,,h0,"f,-g,fifo",early,open_u_closed_reopen,False,unsolvable_instance,,,,,,,,,,,,,,,,,,
17bdf2ddc2823b26c3ca3b7f75d621714619575b,2026-08-09T09:02:22,c282295,vm,CPython,3.12.3,5,4,1,6,4,False,pour,M1,L1,astar_early,,h3,"f,-g,fifo",early,open_u_closed_reopen,False,unsolvable_instance,,,,,,,,,,,,,,,,,,
190664d176cd3bba87bc38380a49fb930beb423d,2026-08-09T09:02:22,c282295,vm,CPython,3.12.3,5,4,2,7,4,True,pour,M1,L1,astar_early,,h0,"f,-g,fifo",early,open_u_closed_reopen,True,,14,14,,,913,3410,2467,0,0,942,3409,0.002475267003319459,0.022046369999998205,16.58984375,123,913,0,0.022046369999998205
09fcc3e8ce043226f23e1d889807dd7f39544e12,2026-08-09T09:02:22,c282295,vm,CPython,3.12.3,5,4,2,7,4,True,pour,M1,L1,astar_early,,h3,"f,-g,fifo",early,open_u_closed_reopen,True,,14,14,,,193,840,466,0,0,389,839,0.0005594830009840734,0.005556951000016852,16.33984375,196,193,0,0.005556951000016852
019f02b6a33623dc8635f9838b926d9b05081c2e,2026-08-09T09:02:22,c282295,vm,CPython,3.12.3,6,4,1,7,4,True,pour,M1,L1,astar_early,,h0,"f,-g,fifo",early,open_u_closed_reopen,True,,21,21,,,86,124,35,0,10,88,123,0.00010086699990097259,0.0015600179999637476,16.08984375,8,86,0,0.0015600179999637476
84f16a4d217abc1bd1e21c6f87cc0d93d03bfcec,2026-08-09T09:02:22,c282295,vm,CPython,3.12.3,6,4,1,7,4,True,pour,M1,L1,astar_early,,h3,"f,-g,fifo",early,open_u_closed_reopen,True,,21,21,,,62,95,19,0,10,75,94,6.332899954486493e-05,0.0013107930000160195,16.08984375,17,62,0,0.0013107930000160195
5fa7ac76329a42e4f89aec0a99bc5ddc96967181,2026-08-09T09:02:22,c282295,vm,CPython,3.12.3,6,4,2,8,4,True,pour,M1,L1,astar_early,,h0,"f,-g,fifo",early,open_u_closed_reopen,True,,20,20,,,5175,18858,13649,0,12,5208,18857,0.01430874099310131,0.13913504899994678,19.58984375,718,5175,0,0.13913504899994678
cf3061b6b2bdbb256aceeef5a64395c6ee42d3e0,2026-08-09T09:02:22,c282295,vm,CPython,3.12.3,6,4,2,8,4,True,pour,M1,L1,astar_early,,h3,"f,-g,fifo",early,open_u_closed_reopen,True,,20,20,,,971,4227,2341,0,0,1972,4226,0.002922962997445211,0.02994074000002911,17.33984375,1002,971,0,0.02994074000002911
40db7b9f72369d13ba2b4161523c0809bcb33ca1,2026-08-09T09:02:22,c282295,vm,CPython,3.12.3,7,4,1,8,4,True,pour,M1,L1,astar_early,,h0,"f,-g,fifo",early,open_u_closed_reopen,True,,19,19,,,117,176,58,0,9,117,175,0.00012203300013879925,0.0019675429999779226,16.08984375,14,117,0,0.0019675429999779226
f09950e4a93efd0097500723421ae5dbf9c54089,2026-08-09T09:02:22,c282295,vm,CPython,3.12.3,7,4,1,8,4,True,pour,M1,L1,astar_early,,h3,"f,-g,fifo",early,open_u_closed_reopen,True,,19,19,,,87,134,35,0,6,104,133,9.667499944043811e-05,0.0018131570000150532,16.08984375,26,87,0,0.0018131570000150532
78ffba439023f2d6cb324627a9f60103c0e5d2c7,2026-08-09T09:02:22,c282295,vm,CPython,3.12.3,7,4,2,9,4,True,pour,M1,L1,astar_early,,h0,"f,-g,fifo",early,open_u_closed_reopen,True,,19,19,,,4990,18598,13550,0,5,5047,18597,0.01428281900211914,0.1321478349999552,19.58984375,630,4990,0,0.1321478349999552
4182339b42f2cade97b586e5d9b57e1f539a283d,2026-08-09T09:02:22,c282295,vm,CPython,3.12.3,7,4,2,9,4,True,pour,M1,L1,astar_early,,h3,"f,-g,fifo",early,open_u_closed_reopen,True,,19,19,,,82,764,248,0,0,521,763,0.0006185750000895496,0.004845722000027308,16.46484375,440,82,0,0.004845722000027308
9772b07a93027c11f361c82e347201d963f2478b,2026-08-09T09:04:57,c282295,vm,CPython,3.12.3,6,5,2,8,0,True,pour,M1,L1,astar_early,,h0,"f,-g,fifo",early,open_u_closed_reopen,True,,24,24,,,7530,27758,20189,0,1,7568,27757,0.030236703008768018,0.246687786999928,20.9375,783,7530,0,0.246687786999928
e2b0a55f495248cfb56aae56733b97b8749d067d,2026-08-09T09:04:57,c282295,vm,CPython,3.12.3,6,5,2,8,0,True,pour,M1,L1,astar_early,,h3,"f,-g,fifo",early,open_u_closed_reopen,True,,24,24,,,1665,7240,4130,0,0,3446,7239,0.005619320999244337,0.056079119999935756,18.52734375,1778,1665,0,0.056079119999935756
d6a0b3ab69cad215e6f08d52889fe37c18f28b0a,2026-08-09T09:04:57,c282295,vm,CPython,3.12.3,7,5,2,9,0,True,pour,M1,L1,astar_early,,h0,"f,-g,fifo",early,open_u_closed_reopen,True,,31,31,,,34866,143089,108135,0,139,34953,143088,0.14836713598469942,1.248325416000057,37.375,3248,34866,0,1.248325416000057
4f94b8d90c93c89c5f831b993f53fc54861cb90c,2026-08-09T09:04:58,c282295,vm,CPython,3.12.3,7,5,2,9,0,True,pour,M1,L1,astar_early,,h3,"f,-g,fifo",early,open_u_closed_reopen,True,,31,31,,,28342,118330,86582,0,136,38109,118329,0.09982092401048703,1.0265446780000502,39.78125,13200,28342,0,1.0265446780000502
52c19fc9f44db9cacab7e522067725df064c6c53,2026-08-09T09:04:59,c282295,vm,CPython,3.12.3,6,5,2,8,1,True,pour,M1,L1,astar_early,,h0,"f,-g,fifo",early,open_u_closed_reopen,True,,24,24,,,9319,35414,26017,0,20,9396,35413,0.03023411900312567,0.2725517999999738,21.79296875,1189,9319,0,0.2725517999999738
f7022a0e3750ef068110493086ef355db0b4a1d4,2026-08-09T09:05:00,c282295,vm,CPython,3.12.3,6,5,2,8,1,True,pour,M1,L1,astar_early,,h3,"f,-g,fifo",early,open_u_closed_reopen,True,,24,24,,,83,470,167,0,4,303,469,0.00034405500036882586,0.0032585010000047987,16.171875,221,83,0,0.0032585010000047987
d53e3b330bd36f988fbaf784da30d41331977912,2026-08-09T09:05:00,c282295,vm,CPython,3.12.3,7,5,2,9,1,True,pour,M1,L1,astar_early,,h0,"f,-g,fifo",early,open_u_closed_reopen,True,,30,30,,,22889,76010,53062,0,87,22947,76009,0.06316899199202908,0.6243767259999231,31.80859375,1671,22889,0,0.6243767259999231
82f80958e0583794b5d5be643baa240d7e143e13,2026-08-09T09:05:00,c282295,vm,CPython,3.12.3,7,5,2,9,1,True,pour,M1,L1,astar_early,,h3,"f,-g,fifo",early,open_u_closed_reopen,True,,30,30,,,5690,22673,13587,0,24,10352,22672,0.018709156002159943,0.18412762200000543,22.92578125,4680,5690,0,0.18412762200000543
3e1682e91a9489c031277aa296b7e9f3c87bbfc8,2026-08-09T09:05:00,c282295,vm,CPython,3.12.3,6,5,2,8,2,True,pour,M1,L1,astar_early,,h0,"f,-g,fifo",early,open_u_closed_reopen,True,,21,21,,,4919,18305,13313,0,13,4991,18304,0.014436371000783765,0.13358796099998926,19.42578125,477,4919,0,0.13358796099998926
91a50259f6c126fc728b5bf571dfadbdf4a52b3d,2026-08-09T09:05:01,c282295,vm,CPython,3.12.3,6,5,2,8,2,True,pour,M1,L1,astar_early,,h3,"f,-g,fifo",early,open_u_closed_reopen,True,,21,21,,,79,635,166,0,0,470,634,0.0004562709984838875,0.0039132670000299186,16.30078125,392,79,0,0.0039132670000299186
7955f21524268d1be3111881de72bbe09ca4962c,2026-08-09T09:05:01,c282295,vm,CPython,3.12.3,7,5,2,9,2,True,pour,M1,L1,astar_early,,h0,"f,-g,fifo",early,open_u_closed_reopen,True,,25,25,,,5888,19637,13638,0,3,5998,19636,0.015850731999535128,0.15695412000002307,20.30078125,573,5888,0,0.15695412000002307
e426857883698ca72b99775749f19afe59ff6a21,2026-08-09T09:05:01,c282295,vm,CPython,3.12.3,7,5,2,9,2,True,pour,M1,L1,astar_early,,h3,"f,-g,fifo",early,open_u_closed_reopen,True,,25,25,,,615,2488,1085,0,2,1448,2487,0.0021962299994129353,0.02170523699999194,17.05078125,831,615,0,0.02170523699999194
f1c976ef3fc775b966056de6f6690c416a176240,2026-08-09T09:05:01,c282295,vm,CPython,3.12.3,6,5,2,8,3,True,pour,M1,L1,astar_early,,h0,"f,-g,fifo",early,open_u_closed_reopen,True,,22,22,,,7315,26683,19303,0,1,7379,26682,0.020171090991311758,0.19441299100003562,20.92578125,799,7315,0,0.19441299100003562
3d7256f9a18d1288d4cc706049381a142f77b500,2026-08-09T09:05:01,c282295,vm,CPython,3.12.3,6,5,2,8,3,True,pour,M1,L1,astar_early,,h3,"f,-g,fifo",early,open_u_closed_reopen,True,,22,22,,,1235,5225,2686,0,0,2746,5224,0.004017928991970621,0.04153562700003022,17.92578125,1512,1235,0,0.04153562700003022
f14215fb63bac3f4058fb168eefef86199df67ed,2026-08-09T09:05:01,c282295,vm,CPython,3.12.3,7,5,2,9,3,True,pour,M1,L1,astar_early,,h0,"f,-g,fifo",early,open_u_closed_reopen,True,,27,27,,,17323,58785,41329,0,47,17455,58784,0.047952569001267875,0.4741394800000762,26.2109375,1273,17323,0,0.4741394800000762
c284e60c4ca7a3edf9a25f2cffdbc093cd98ac52,2026-08-09T09:05:02,c282295,vm,CPython,3.12.3,7,5,2,9,3,True,pour,M1,L1,astar_early,,h3,"f,-g,fifo",early,open_u_closed_reopen,True,,27,27,,,1694,7012,3513,0,10,3775,7011,0.005606453006294032,0.05559539600005792,18.55078125,2081,1694,0,0.05559539600005792
fcfbefa7fe97e6ab8edf8f89457b859c91183818,2026-08-09T09:05:02,c282295,vm,CPython,3.12.3,8,4,2,10,0,True,pour,M1,L1,astar_early,,h0,"f,-g,fifo",early,open_u_closed_reopen,True,,25,25,,,8384,26402,17745,0,47,8656,26401,0.026045843003544178,0.2652759329999981,21.5859375,730,8384,0,0.2652759329999981
bcdfe45a9ee12a4f38ece52738bf892397b6e0b5,2026-08-09T09:05:02,c282295,vm,CPython,3.12.3,10,4,2,12,0,True,pour,M1,L1,astar_early,,h0,"f,-g,fifo",early,open_u_closed_reopen,True,,32,32,,,12016,34948,22843,0,112,12104,34947,0.03501179699378554,0.3693191720000186,24.0546875,656,12016,0,0.3693191720000186
5869a89780e046d3cc6eae804f3c0368ab35b387,2026-08-09T09:05:02,c282295,vm,CPython,3.12.3,8,4,2,10,1,True,pour,M1,L1,astar_early,,h0,"f,-g,fifo",early,open_u_closed_reopen,True,,22,22,,,4399,16623,12144,0,24,4478,16622,0.014550050994330377,0.13643096500004503,18.69140625,365,4399,0,0.13643096500004503
86b1b47fccfaa460a473d537908c05aec4d29396,2026-08-09T09:05:03,c282295,vm,CPython,3.12.3,10,4,2,12,1,True,pour,M1,L1,astar_early,,h0,"f,-g,fifo",early,open_u_closed_reopen,True,,30,30,,,16117,50398,34208,0,148,16189,50397,0.0530524930034062,0.5454620229999136,26.10546875,1023,16117,0,0.5454620229999136
6bd82f7ec726cc69c7c2bf4fd5656c0d4e1bc380,2026-08-09T09:05:03,c282295,vm,CPython,3.12.3,8,4,2,10,2,True,pour,M1,L1,astar_early,,h0,"f,-g,fifo",early,open_u_closed_reopen,True,,22,22,,,10052,35088,24946,0,44,10141,35087,0.032645789994262486,0.31869548500003475,22.44921875,1006,10052,0,0.31869548500003475
52361e51a11ce5362c069109e0863337143c4c7a,2026-08-09T09:05:03,c282295,vm,CPython,3.12.3,10,4,2,12,2,True,pour,M1,L1,astar_early,,h0,"f,-g,fifo",early,open_u_closed_reopen,True,,31,31,,,4755,17098,12266,0,64,4831,17097,0.016431082992085067,0.15921023400005652,19.078125,289,4755,0,0.15921023400005652
c9fe9ad0c30cab28c3e2776a13c065c0d2733ad2,2026-08-09T09:08:49,c282295,vm,CPython,3.12.3,4,4,1,5,0,True,pour,M1,L0,astar_early,,h4,"f,-g,fifo",early,open_u_closed_reopen,True,,11,11,,,11,18,0,0,0,17,17,6.761000008737028e-06,0.0002033670000400889,15.87109375,7,11,0,0.0002033670000400889
4787d20eb1b4dc89b35c6ee7fc112576c5bd20b0,2026-08-09T09:08:49,c282295,vm,CPython,3.12.3,4,4,2,6,0,True,pour,M1,L0,astar_early,,h4,"f,-g,fifo",early,open_u_closed_reopen,True,,11,11,,,11,67,1,0,0,65,66,2.1466000021064247e-05,0.0006245710000030158,15.9609375,55,11,0,0.0006245710000030158
da6a79cdbc17fd4cdb92fa515f40b8055888e06c,2026-08-09T09:08:49,c282295,vm,CPython,3.12.3,5,4,1,6,0,False,pour,M1,L0,astar_early,,h4,"f,-g,fifo",early,open_u_closed_reopen,False,unsolvable_instance,,,,,,,,,,,,,,,,,,
bd562e2f889450cb6514bb374b09ad60a6fc55bf,2026-08-09T09:08:49,c282295,vm,CPython,3.12.3,5,4,2,7,0,True,pour,M1,L0,astar_early,,h4,"f,-g,fifo",early,open_u_closed_reopen,True,,15,15,,,69,398,98,0,0,307,397,0.00014416100032121903,0.003808181999943372,16.234375,238,69,0,0.003808181999943372
0ff1c2526334d6a948070cddc0628e5eb8640631,2026-08-09T09:08:49,c282295,vm,CPython,3.12.3,4,4,1,5,1,False,pour,M1,L0,astar_early,,h4,"f,-g,fifo",early,open_u_closed_reopen,False,unsolvable_instance,,,,,,,,,,,,,,,,,,
ac3d0bb88e1ed5339f32a1fa368c68089efc530c,2026-08-09T09:08:49,c282295,vm,CPython,3.12.3,4,4,2,6,1,True,pour,M1,L0,astar_early,,h4,"f,-g,fifo",early,open_u_closed_reopen,True,,12,12,,,15,86,7,0,0,80,85,3.287300035026419e-05,0.000982855999950516,16.109375,65,15,0,0.000982855999950516
37e50a59b293789ae474854ab4e34cc0a0148289,2026-08-09T09:08:49,c282295,vm,CPython,3.12.3,5,4,1,6,1,False,pour,M1,L0,astar_early,,h4,"f,-g,fifo",early,open_u_closed_reopen,False,unsolvable_instance,,,,,,,,,,,,,,,,,,
5ad5e31534b5de180d92c527ee1bb7db7295e9cf,2026-08-09T09:08:49,c282295,vm,CPython,3.12.3,5,4,2,7,1,True,pour,M1,L0,astar_early,,h4,"f,-g,fifo",early,open_u_closed_reopen,True,,16,16,,,16,62,3,0,0,58,61,2.2208999553186004e-05,0.0007964750000155618,16.11328125,42,16,0,0.0007964750000155618
fa473386ac7046f3b11ead28ef51f430ac02c905,2026-08-09T09:08:49,c282295,vm,CPython,3.12.3,4,4,1,5,2,True,pour,M1,L0,astar_early,,h4,"f,-g,fifo",early,open_u_closed_reopen,True,,12,12,,,13,28,1,0,0,26,27,9.126999998443353e-06,0.00027323699998760276,15.984375,14,13,0,0.00027323699998760276
0752b28e50a92caec7adf04f9698564123b13bd6,2026-08-09T09:08:49,c282295,vm,CPython,3.12.3,4,4,2,6,2,True,pour,M1,L0,astar_early,,h4,"f,-g,fifo",early,open_u_closed_reopen,True,,12,12,,,13,87,3,0,0,83,86,2.5049999976545223e-05,0.0007938690000628412,16.1171875,70,13,0,0.0007938690000628412
bc305f0a97a4cd832e788d637e11d785816ad065,2026-08-09T09:08:49,c282295,vm,CPython,3.12.3,5,4,1,6,2,False,pour,M1,L0,astar_early,,h4,"f,-g,fifo",early,open_u_closed_reopen,False,unsolvable_instance,,,,,,,,,,,,,,,,,,
5f7d3613c982fadb4456de61033ae21e47093b79,2026-08-09T09:08:49,c282295,vm,CPython,3.12.3,5,4,2,7,2,True,pour,M1,L0,astar_early,,h4,"f,-g,fifo",early,open_u_closed_reopen,True,,14,14,,,16,74,5,0,0,68,73,2.2927000372874318e-05,0.0006738270000141711,15.98828125,52,16,0,0.0006738270000141711
16a2002f0c83f06b7a4cd4c687232723e1eeef26,2026-08-09T09:08:49,c282295,vm,CPython,3.12.3,4,4,1,5,3,False,pour,M1,L0,astar_early,,h4,"f,-g,fifo",early,open_u_closed_reopen,False,unsolvable_instance,,,,,,,,,,,,,,,,,,
f04b8758377fe74cd6017c3ff6890fd40a090aa4,2026-08-09T09:08:49,c282295,vm,CPython,3.12.3,4,4,2,6,3,True,pour,M1,L0,astar_early,,h4,"f,-g,fifo",early,open_u_closed_reopen,True,,11,11,,,11,47,2,0,0,44,46,1.4142999930299993e-05,0.0003628189999744791,15.98828125,33,11,0,0.0003628189999744791
899e16fc58f3f5a9dca0b9feaf911a70f8b7354a,2026-08-09T09:08:49,c282295,vm,CPython,3.12.3,5,4,1,6,3,False,pour,M1,L0,astar_early,,h4,"f,-g,fifo",early,open_u_closed_reopen,False,unsolvable_instance,,,,,,,,,,,,,,,,,,
4771fb889700ee18bdb342625e119b849d47f154,2026-08-09T09:08:49,c282295,vm,CPython,3.12.3,5,4,2,7,3,True,pour,M1,L0,astar_early,,h4,"f,-g,fifo",early,open_u_closed_reopen,True,,14,14,,,96,535,160,0,0,394,534,0.00015434800263847137,0.003936993999900551,16.3671875,297,96,0,0.003936993999900551
e23dc8950e321a3beec098d5a5ee0d84b70ce630,2026-08-09T09:08:49,c282295,vm,CPython,3.12.3,4,4,1,5,4,False,pour,M1,L0,astar_early,,h4,"f,-g,fifo",early,open_u_closed_reopen,False,unsolvable_instance,,,,,,,,,,,,,,,,,,
6da82a13ec70b378794339f43b833a7b97f703cd,2026-08-09T09:08:49,c282295,vm,CPython,3.12.3,4,4,2,6,4,True,pour,M1,L0,astar_early,,h4,"f,-g,fifo",early,open_u_closed_reopen,True,,12,12,,,12,60,3,0,0,56,59,2.560600023571169e-05,0.0006776069999432366,15.9921875,44,12,0,0.0006776069999432366
278824c73eeda3d2257438ddd722f2b62b2ff108,2026-08-09T09:08:49,c282295,vm,CPython,3.12.3,5,4,1,6,4,False,pour,M1,L0,astar_early,,h4,"f,-g,fifo",early,open_u_closed_reopen,False,unsolvable_instance,,,,,,,,,,,,,,,,,,
f540b5eab6e6fa440a5043ee6edc3bae921405c1,2026-08-09T09:08:49,c282295,vm,CPython,3.12.3,5,4,2,7,4,True,pour,M1,L0,astar_early,,h4,"f,-g,fifo",early,open_u_closed_reopen,True,,14,14,,,14,57,2,0,0,54,56,1.8588000330055365e-05,0.0007025630000043748,16.12109375,40,14,0,0.0007025630000043748
e1e7ef1d1f526e24c095a7487e113bd222d22402,2026-08-09T09:08:49,c282295,vm,CPython,3.12.3,4,4,1,5,5,False,pour,M1,L0,astar_early,,h4,"f,-g,fifo",early,open_u_closed_reopen,False,unsolvable_instance,,,,,,,,,,,,,,,,,,
21675a9152707e48eecbe9aca510c444c75b32a5,2026-08-09T09:08:49,c282295,vm,CPython,3.12.3,4,4,2,6,5,True,pour,M1,L0,astar_early,,h4,"f,-g,fifo",early,open_u_closed_reopen,True,,11,11,,,14,66,5,0,0,61,65,3.4684999718592735e-05,0.0009748869999839371,15.99609375,47,14,0,0.0009748869999839371
9287bf0ef87c469d5846d98fda570dddaae890db,2026-08-09T09:08:49,c282295,vm,CPython,3.12.3,5,4,1,6,5,True,pour,M1,L0,astar_early,,h4,"f,-g,fifo",early,open_u_closed_reopen,True,,14,14,,,15,30,1,0,1,28,29,9.69000041095569e-06,0.00031005799996819405,15.99609375,14,15,0,0.00031005799996819405
65c05d36180b10818a2628806f807fcf70ec38e6,2026-08-09T09:08:49,c282295,vm,CPython,3.12.3,5,4,2,7,5,True,pour,M1,L0,astar_early,,h4,"f,-g,fifo",early,open_u_closed_reopen,True,,14,14,,,22,130,11,0,0,119,129,4.2735999613796594e-05,0.0012155870000469804,16.125,97,22,0,0.0012155870000469804
8d56397aa80b3a6bfa491007183808baea9469ee,2026-08-09T09:08:49,c282295,vm,CPython,3.12.3,4,4,1,5,6,False,pour,M1,L0,astar_early,,h4,"f,-g,fifo",early,open_u_closed_reopen,False,unsolvable_instance,,,,,,,,,,,,,,,,,,
1f0c29dccb514e0f449bae03d19c28e2479445c7,2026-08-09T09:08:49,c282295,vm,CPython,3.12.3,4,4,2,6,6,True,pour,M1,L0,astar_early,,h4,"f,-g,fifo",early,open_u_closed_reopen,True,,12,12,,,12,64,2,0,0,61,63,2.480199952969997e-05,0.0006602790000442837,15.99609375,49,12,0,0.0006602790000442837
681955e630445560f3d6d9eb461f56adf119cab7,2026-08-09T09:08:49,c282295,vm,CPython,3.12.3,5,4,1,6,6,False,pour,M1,L0,astar_early,,h4,"f,-g,fifo",early,open_u_closed_reopen,False,unsolvable_instance,,,,,,,,,,,,,,,,,,
d575f02516f3b6706e8b3fdfe056f748bb1bc04c,2026-08-09T09:08:49,c282295,vm,CPython,3.12.3,5,4,2,7,6,True,pour,M1,L0,astar_early,,h4,"f,-g,fifo",early,open_u_closed_reopen,True,,14,14,,,14,67,2,0,0,64,66,2.093999989938311e-05,0.000713412000095559,16.125,50,14,0,0.000713412000095559
2d151fd4ef1d57d08bfb2ee2e9248a9d3e2bb53f,2026-08-09T09:08:49,c282295,vm,CPython,3.12.3,4,4,1,5,7,False,pour,M1,L0,astar_early,,h4,"f,-g,fifo",early,open_u_closed_reopen,False,unsolvable_instance,,,,,,,,,,,,,,,,,,
e4323d072d2349edb145d400163e514760a92ed3,2026-08-09T09:08:49,c282295,vm,CPython,3.12.3,4,4,2,6,7,True,pour,M1,L0,astar_early,,h4,"f,-g,fifo",early,open_u_closed_reopen,True,,12,12,,,12,57,2,0,0,54,56,1.6305000372085487e-05,0.0004156370000600873,15.99609375,42,12,0,0.0004156370000600873
e4de40649c182596cefdc376615c4d99fce58982,2026-08-09T09:08:49,c282295,vm,CPython,3.12.3,5,4,1,6,7,True,pour,M1,L0,astar_early,,h4,"f,-g,fifo",early,open_u_closed_reopen,True,,15,15,,,23,47,4,0,0,42,46,1.413499990121636e-05,0.0004534760000751703,15.99609375,21,23,0,0.0004534760000751703
8287e32f6292bb22009ea1a2eb18d7a8e13aa865,2026-08-09T09:08:49,c282295,vm,CPython,3.12.3,5,4,2,7,7,True,pour,M1,L0,astar_early,,h4,"f,-g,fifo",early,open_u_closed_reopen,True,,15,15,,,23,176,8,0,0,167,175,5.210500023622444e-05,0.0014265570000588923,16.25,145,23,0,0.0014265570000588923
22add50fd8a6cf71ca704708b39b8db9081e9b7a,2026-08-09T09:08:49,c282295,vm,CPython,3.12.3,4,4,1,5,8,True,pour,M1,L0,astar_early,,h4,"f,-g,fifo",early,open_u_closed_reopen,True,,8,8,,,8,14,0,0,0,13,13,5.279999982121808e-06,0.00016020600003230356,15.99609375,6,8,0,0.00016020600003230356
916b8c999960eb7b8ad0fbb82be09e85539cc7da,2026-08-09T09:08:49,c282295,vm,CPython,3.12.3,4,4,2,6,8,True,pour,M1,L0,astar_early,,h4,"f,-g,fifo",early,open_u_closed_reopen,True,,8,8,,,8,48,1,0,0,46,47,1.955599964276189e-05,0.0003427159999773721,15.99609375,39,8,0,0.0003427159999773721
1c9615a497e5fa948f43aebaeab51d1dfb11a308,2026-08-09T09:08:49,c282295,vm,CPython,3.12.3,5,4,1,6,8,False,pour,M1,L0,astar_early,,h4,"f,-g,fifo",early,open_u_closed_reopen,False,unsolvable_instance,,,,,,,,,,,,,,,,,,
bc9a4f0e1b76b7279b4e08c3237fcdc63cee19c2,2026-08-09T09:08:49,c282295,vm,CPython,3.12.3,5,4,2,7,8,True,pour,M1,L0,astar_early,,h4,"f,-g,fifo",early,open_u_closed_reopen,True,,14,14,,,181,855,291,0,0,592,854,0.00024787200152331934,0.006107993999989958,16.5,409,181,0,0.006107993999989958
3d6724a20efa6ec7c5988fba8608b139d2e94897,2026-08-09T09:08:49,c282295,vm,CPython,3.12.3,4,4,1,5,9,True,pour,M1,L0,astar_early,,h4,"f,-g,fifo",early,open_u_closed_reopen,True,,10,10,,,10,17,0,0,0,16,16,1.1021999853255693e-05,0.0004139350000968989,15.99609375,7,10,0,0.0004139350000968989
ff8ab72fa3157a7c9bee274b56ece620df3895f3,2026-08-09T09:08:49,c282295,vm,CPython,3.12.3,4,4,2,6,9,True,pour,M1,L0,astar_early,,h4,"f,-g,fifo",early,open_u_closed_reopen,True,,10,10,,,10,62,1,0,0,60,61,1.709100070002023e-05,0.0004134649999514295,15.99609375,50,10,0,0.0004134649999514295
4df51f99947c5b9791c693dff757c396cabe3ab0,2026-08-09T09:08:49,c282295,vm,CPython,3.12.3,5,4,1,6,9,False,pour,M1,L0,astar_early,,h4,"f,-g,fifo",early,open_u_closed_reopen,False,unsolvable_instance,,,,,,,,,,,,,,,,,,
6bef5014b05765b52934fb90f541e25c98c6e8e0,2026-08-09T09:08:49,c282295,vm,CPython,3.12.3,5,4,2,7,9,True,pour,M1,L0,astar_early,,h4,"f,-g,fifo",early,open_u_closed_reopen,True,,15,15,,,15,93,2,0,0,90,92,4.14840001212724e-05,0.0012403389999917636,16.125,75,15,0,0.0012403389999917636
8774c2eae58bc47dfeceb2449fa4ea1db3fa61fa,2026-08-09T09:08:49,c282295,vm,CPython,3.12.3,4,4,1,5,10,False,pour,M1,L0,astar_early,,h4,"f,-g,fifo",early,open_u_closed_reopen,False,unsolvable_instance,,,,,,,,,,,,,,,,,,
98da1e0ae7f3b7c5eb915aa6da011bbd7d812526,2026-08-09T09:08:49,c282295,vm,CPython,3.12.3,4,4,2,6,10,True,pour,M1,L0,astar_early,,h4,"f,-g,fifo",early,open_u_closed_reopen,True,,10,10,,,11,48,3,0,0,44,47,1.4071999771658739e-05,0.0003571239999473619,15.99609375,33,11,0,0.0003571239999473619
952e918542bec8d24e2dff97eb02052177731ff3,2026-08-09T09:08:49,c282295,vm,CPython,3.12.3,5,4,1,6,10,False,pour,M1,L0,astar_early,,h4,"f,-g,fifo",early,open_u_closed_reopen,False,unsolvable_instance,,,,,,,,,,,,,,,,,,
efe9ff9c252ff1a19129827ca5ea6a75696be4ad,2026-08-09T09:08:49,c282295,vm,CPython,3.12.3,5,4,2,7,10,True,pour,M1,L0,astar_early,,h4,"f,-g,fifo",early,open_u_closed_reopen,True,,14,14,,,14,65,5,0,0,59,64,2.0668999923145748e-05,0.0006306499999482185,16.125,45,14,0,0.0006306499999482185
e0be606774f24767defeb14e873d241547b78e8a,2026-08-09T09:08:49,c282295,vm,CPython,3.12.3,4,4,1,5,11,False,pour,M1,L0,astar_early,,h4,"f,-g,fifo",early,open_u_closed_reopen,False,unsolvable_instance,,,,,,,,,,,,,,,,,,
c5dbd96249864a1b216bc4d4ef2b841629587354,2026-08-09T09:08:49,c282295,vm,CPython,3.12.3,4,4,2,6,11,True,pour,M1,L0,astar_early,,h4,"f,-g,fifo",early,open_u_closed_reopen,True,,11,11,,,12,66,3,0,0,62,65,1.835000000482978e-05,0.0004556989999855432,15.99609375,50,12,0,0.0004556989999855432
d7ed721e9db5aad1383412f85689843eaa8d424f,2026-08-09T09:08:49,c282295,vm,CPython,3.12.3,5,4,1,6,11,False,pour,M1,L0,astar_early,,h4,"f,-g,fifo",early,open_u_closed_reopen,False,unsolvable_instance,,,,,,,,,,,,,,,,,,
9a456cd131acb62315119a991cf6503f5ec5d1ad,2026-08-09T09:08:49,c282295,vm,CPython,3.12.3,5,4,2,7,11,True,pour,M1,L0,astar_early,,h4,"f,-g,fifo",early,open_u_closed_reopen,True,,14,14,,,122,610,236,0,0,397,609,0.0001790650003385963,0.004296909000004234,16.375,275,122,0,0.004296909000004234
d0e26bac314442ca540238e6387d5ec5a1822fc7,2026-08-09T09:08:49,c282295,vm,CPython,3.12.3,4,4,1,5,12,True,pour,M1,L0,astar_early,,h4,"f,-g,fifo",early,open_u_closed_reopen,True,,12,12,,,22,34,2,0,4,31,33,1.1428000107116532e-05,0.0003723959999888393,15.99609375,10,22,0,0.0003723959999888393
b427de5973f41d00e862ee088b48fefbd673a671,2026-08-09T09:08:49,c282295,vm,CPython,3.12.3,4,4,2,6,12,True,pour,M1,L0,astar_early,,h4,"f,-g,fifo",early,open_u_closed_reopen,True,,12,12,,,29,177,27,0,0,154,176,6.025999994108133e-05,0.001475860000027751,16.25,125,29,0,0.001475860000027751
aa3e87ed8e8dbf87f8e5a82403901ab08ff271d7,2026-08-09T09:08:49,c282295,vm,CPython,3.12.3,5,4,1,6,12,False,pour,M1,L0,astar_early,,h4,"f,-g,fifo",early,open_u_closed_reopen,False,unsolvable_instance,,,,,,,,,,,,,,,,,,
a6c24e8d219d6fe96da94b737c0793c839ac8f8b,2026-08-09T09:08:49,c282295,vm,CPython,3.12.3,5,4,2,7,12,True,pour,M1,L0,astar_early,,h4,"f,-g,fifo",early,open_u_closed_reopen,True,,15,15,,,114,422,167,0,0,270,421,0.00012483000261909183,0.003331376000005548,16.25390625,156,114,0,0.003331376000005548
