run_key,timestamp,git_commit,hostname,python_impl,python_version,n_colors,capacity,n_empty,n_tubes,instance_seed,instance_solvable,operator_model,cost_model,canon_level,algorithm,algo_param,heuristic,tie_break,goal_test,dup_policy,solved,timeout_reason,solution_cost,solution_length_moves,c_star,subopt_ratio,expanded,generated,duplicates_detected,reopened,dead_ends_detected,h_evaluations,canon_calls,canon_time_s,wall_time_s,peak_rss_mb,open_max_size,closed_max_size,iterations,first_incumbent_time_s
3058d31105ad6d4660cb77cfe435c94b1ccbdedc,2026-08-10T08:41:27,470a578,vm,CPython,3.12.3,4,4,1,5,1,,pour,M1,L0,astar_early,,h1,"f,-g,fifo",early,open_u_closed_reopen,False,,,,,,28,39,11,0,0,28,39,2.3244000203703763e-05,0.000790182000173445,15.8984375,7,28,0,
028bf4d45709b2e8a5895b99ece5481d6ca10012,2026-08-10T08:41:27,470a578,vm,CPython,3.12.3,4,4,1,5,1,,pour,M1,L1,astar_early,,h1,"f,-g,fifo",early,open_u_closed_reopen,False,,,,,,28,39,11,0,0,28,39,3.5581999327405356e-05,0.0007524500001636625,15.8984375,7,28,0,
cf6a07d49429172866ce08980276477a63b9e311,2026-08-10T08:41:27,470a578,vm,CPython,3.12.3,4,4,1,5,1,,pour,M1,L2,astar_early,,h1,"f,-g,fifo",early,open_u_closed_reopen,False,,,,,,27,38,11,0,0,27,38,0.0010547990000304708,0.001579191000018909,15.90234375,7,27,0,
69fc8033a8ae3784acc17a45ec89f630fcc25e7b,2026-08-10T08:41:27,470a578,vm,CPython,3.12.3,4,4,1,5,1,,pour,M1,L3,astar_early,,h1,"f,-g,fifo",early,open_u_closed_reopen,False,,,,,,27,38,11,0,0,27,38,0.008304030999397582,0.008834538999963115,15.8984375,7,27,0,
df241dfd0a9bfc54f1bb0ebc5c92c781d1f7f0f4,2026-08-10T08:41:27,470a578,vm,CPython,3.12.3,4,4,1,5,3,,pour,M1,L0,astar_early,,h1,"f,-g,fifo",early,open_u_closed_reopen,False,,,,,,13,17,4,0,3,13,17,1.1491000350360991e-05,0.0002525470001728536,16.1328125,4,13,0,
29ab364b85d8942d47372dfaa3a5cae0682b9322,2026-08-10T08:41:27,470a578,vm,CPython,3.12.3,4,4,1,5,3,,pour,M1,L1,astar_early,,h1,"f,-g,fifo",early,open_u_closed_reopen,False,,,,,,13,17,4,0,3,13,17,1.994700005525374e-05,0.00027037100016968907,16.13671875,4,13,0,
abe42153e3670941bbaf3225f9b487c13834692e,2026-08-10T08:41:27,470a578,vm,CPython,3.12.3,4,4,1,5,3,,pour,M1,L2,astar_early,,h1,"f,-g,fifo",early,open_u_closed_reopen,False,,,,,,13,17,4,0,3,13,17,0.0003813179996541294,0.0006884919998810801,16.140625,4,13,0,
846f5b56267dfbbcbe40a068207723485af350f1,2026-08-10T08:41:27,470a578,vm,CPython,3.12.3,4,4,1,5,3,,pour,M1,L3,astar_early,,h1,"f,-g,fifo",early,open_u_closed_reopen,False,,,,,,13,17,4,0,3,13,17,0.00042507300008765014,0.0006890310000926547,16.16015625,4,13,0,
c081d45e3f20670c558133ac5ed77970b157a7ad,2026-08-10T08:41:27,470a578,vm,CPython,3.12.3,4,4,1,5,4,,pour,M1,L0,astar_early,,h1,"f,-g,fifo",early,open_u_closed_reopen,False,,,,,,7,9,2,0,2,7,9,1.0627999699863722e-05,0.00019787499991252844,16.16015625,4,7,0,
683df5b26f33a38ba52b88ccd76ec94a2573f849,2026-08-10T08:41:27,470a578,vm,CPython,3.12.3,4,4,1,5,4,,pour,M1,L1,astar_early,,h1,"f,-g,fifo",early,open_u_closed_reopen,False,,,,,,7,9,2,0,2,7,9,2.4065999923550407e-05,0.0003088000000843749,16.16015625,4,7,0,
27c755c215a675868e8e828bfff671de23ceae77,2026-08-10T08:41:27,470a578,vm,CPython,3.12.3,4,4,1,5,4,,pour,M1,L2,astar_early,,h1,"f,-g,fifo",early,open_u_closed_reopen,False,,,,,,7,9,2,0,2,7,9,0.0002627629996823089,0.00045504000013352197,16.16015625,4,7,0,
307f84026384b32833516495144e2070c7bca051,2026-08-10T08:41:27,470a578,vm,CPython,3.12.3,4,4,1,5,4,,pour,M1,L3,astar_early,,h1,"f,-g,fifo",early,open_u_closed_reopen,False,,,,,,7,9,2,0,2,7,9,0.0002461599997332087,0.0004541370001334144,16.1640625,4,7,0,
4f474afdab22a6021442d63c0db667fbd57c321b,2026-08-10T08:41:27,470a578,vm,CPython,3.12.3,4,4,1,5,5,,pour,M1,L0,astar_early,,h1,"f,-g,fifo",early,open_u_closed_reopen,False,,,,,,12,22,10,0,2,12,22,1.4727999541719328e-05,0.00030252700003075006,16.1640625,6,12,0,
57096993248561d0b3a30967e094f97c150d2f11,2026-08-10T08:41:27,470a578,vm,CPython,3.12.3,4,4,1,5,5,,pour,M1,L1,astar_early,,h1,"f,-g,fifo",early,open_u_closed_reopen,False,,,,,,12,22,10,0,2,12,22,2.2980000039751758e-05,0.0002813809999224759,16.1640625,6,12,0,
1b30847491a27159c892d0cadba7650b3fd28655,2026-08-10T08:41:27,470a578,vm,CPython,3.12.3,4,4,1,5,5,,pour,M1,L2,astar_early,,h1,"f,-g,fifo",early,open_u_closed_reopen,False,,,,,,12,22,10,0,2,12,22,0.0005038179999701242,0.0007947070000682288,16.1640625,6,12,0,
7d823d381fd9c2e3155446737604af481ecdd99e,2026-08-10T08:41:27,470a578,vm,CPython,3.12.3,4,4,1,5,5,,pour,M1,L3,astar_early,,h1,"f,-g,fifo",early,open_u_closed_reopen,False,,,,,,12,22,10,0,2,12,22,0.0005437239997263532,0.0008530899999641406,16.1640625,6,12,0,
d5b17f96013abf2ad0cd4d12ccf3ee12c8ab73ed,2026-08-10T08:41:27,470a578,vm,CPython,3.12.3,4,4,1,5,6,,pour,M1,L0,astar_early,,h1,"f,-g,fifo",early,open_u_closed_reopen,False,,,,,,48,102,54,0,5,52,102,6.149399973764957e-05,0.0008015799999157025,16.16796875,17,48,0,
b08b29c519e1eed4eb33cfab9001b54839575af2,2026-08-10T08:41:27,470a578,vm,CPython,3.12.3,4,4,1,5,6,,pour,M1,L1,astar_early,,h1,"f,-g,fifo",early,open_u_closed_reopen,False,,,,,,48,102,54,0,5,52,102,6.906100088599487e-05,0.0007911340001101053,16.16796875,17,48,0,
d172a1a311c826790fb72426af97e72d9cfb93f5,2026-08-10T08:41:27,470a578,vm,CPython,3.12.3,4,4,1,5,6,,pour,M1,L2,astar_early,,h1,"f,-g,fifo",early,open_u_closed_reopen,False,,,,,,48,102,54,0,5,52,102,0.0019990870000583527,0.002954621000071711,16.171875,17,48,0,
c415647ad73048d8f3df52d6353dfc2f75268292,2026-08-10T08:41:28,470a578,vm,CPython,3.12.3,4,4,1,5,6,,pour,M1,L3,astar_early,,h1,"f,-g,fifo",early,open_u_closed_reopen,False,,,,,,48,102,54,0,5,52,102,0.006010412998648462,0.007010074999925564,16.16796875,17,48,0,
0b9de9bb9d2d808cf44d37ef5ee8903580e1f1a9,2026-08-10T08:41:28,470a578,vm,CPython,3.12.3,4,4,1,5,7,,pour,M1,L0,astar_early,,h1,"f,-g,fifo",early,open_u_closed_reopen,False,,,,,,45,96,51,0,3,45,96,3.326600017317105e-05,0.0007544940001480427,16.171875,20,45,0,
4e3d70aea29909bc3bc5bff7458665af399c1be0,2026-08-10T08:41:28,470a578,vm,CPython,3.12.3,4,4,1,5,7,,pour,M1,L1,astar_early,,h1,"f,-g,fifo",early,open_u_closed_reopen,False,,,,,,42,92,50,0,2,42,92,7.64659998822026e-05,0.004591671000071074,16.171875,18,42,0,
8eee9bd258578d29498eae55025b120d5b3355e6,2026-08-10T08:41:28,470a578,vm,CPython,3.12.3,4,4,1,5,7,,pour,M1,L2,astar_early,,h1,"f,-g,fifo",early,open_u_closed_reopen,False,,,,,,42,92,50,0,2,42,92,0.015364178000027096,0.016267348999917886,16.171875,18,42,0,
0be9144d9b7434aea3238c6944068661e4ba2b27,2026-08-10T08:41:28,470a578,vm,CPython,3.12.3,4,4,1,5,7,,pour,M1,L3,astar_early,,h1,"f,-g,fifo",early,open_u_closed_reopen,False,,,,,,42,92,50,0,2,42,92,0.0018189709987836977,0.007873592999885659,16.171875,18,42,0,
a3dcab0a890854365872e4459238ea97d3321537,2026-08-10T08:41:28,470a578,vm,CPython,3.12.3,4,4,1,5,10,,pour,M1,L0,astar_early,,h1,"f,-g,fifo",early,open_u_closed_reopen,False,,,,,,8,12,4,0,2,8,12,1.1056000175813097e-05,0.00021683499994651356,16.171875,4,8,0,
dfe34120b0b796d1f4a85881df8249ee30f8818a,2026-08-10T08:41:28,470a578,vm,CPython,3.12.3,4,4,1,5,10,,pour,M1,L1,astar_early,,h1,"f,-g,fifo",early,open_u_closed_reopen,False,,,,,,8,12,4,0,2,8,12,1.9006999536941294e-05,0.00023108800019144837,16.171875,4,8,0,
b9d8defeecf32168f659f9660de078c140375ef3,2026-08-10T08:41:28,470a578,vm,CPython,3.12.3,4,4,1,5,10,,pour,M1,L2,astar_early,,h1,"f,-g,fifo",early,open_u_closed_reopen,False,,,,,,8,12,4,0,2,8,12,0.00031312800047089695,0.0005314059999363963,16.171875,4,8,0,
ed5aabaa69ec079ceb111c80cd5f3a9aa2fd8481,2026-08-10T08:41:28,470a578,vm,CPython,3.12.3,4,4,1,5,10,,pour,M1,L3,astar_early,,h1,"f,-g,fifo",early,open_u_closed_reopen,False,,,,,,8,12,4,0,2,8,12,0.0003327430003992049,0.000546376999864151,16.0390625,4,8,0,
9d592b81e57871837692887a310fa3c06d5a5b16,2026-08-10T08:41:28,470a578,vm,CPython,3.12.3,4,4,1,5,11,,pour,M1,L0,astar_early,,h1,"f,-g,fifo",early,open_u_closed_reopen,False,,,,,,13,19,6,0,4,13,19,1.2804000107280444e-05,0.0002680929999314685,16.0390625,8,13,0,
c61d38bf932c5a3388eed79817e8e00ce25e7dfe,2026-08-10T08:41:28,470a578,vm,CPython,3.12.3,4,4,1,5,11,,pour,M1,L1,astar_early,,h1,"f,-g,fifo",early,open_u_closed_reopen,False,,,,,,11,18,7,0,3,11,18,2.1521999542528647e-05,0.000312573999963206,16.0390625,7,11,0,
2170232187d393bb8baf4184b6e7ae435e23d7d0,2026-08-10T08:41:28,470a578,vm,CPython,3.12.3,4,4,1,5,11,,pour,M1,L2,astar_early,,h1,"f,-g,fifo",early,open_u_closed_reopen,False,,,,,,11,18,7,0,3,11,18,0.00041496799963169906,0.0006912640001246473,16.0390625,7,11,0,
f80943694da5004d74a68a245e5c929120946b2b,2026-08-10T08:41:28,470a578,vm,CPython,3.12.3,4,4,1,5,11,,pour,M1,L3,astar_early,,h1,"f,-g,fifo",early,open_u_closed_reopen,False,,,,,,11,18,7,0,3,11,18,0.0004095539998161257,0.000681386999985989,16.0390625,7,11,0,
a849be6eb4440a5fdba5a818f2e0dbb5cbe0d43c,2026-08-10T08:41:28,470a578,vm,CPython,3.12.3,4,4,1,5,14,,pour,M1,L0,astar_early,,h1,"f,-g,fifo",early,open_u_closed_reopen,False,,,,,,54,107,53,0,8,59,107,4.073000172866159e-05,0.008143890999917858,16.0390625,16,54,0,
547d5370102266ae53aa5efa6c101a5a4233d77c,2026-08-10T08:41:28,470a578,vm,CPython,3.12.3,4,4,1,5,14,,pour,M1,L1,astar_early,,h1,"f,-g,fifo",early,open_u_closed_reopen,False,,,,,,44,91,47,0,6,47,91,6.333699911920121e-05,0.0007703280000441737,16.0390625,16,44,0,
afc3f761fa70b062b2189b445365f65c051cedc2,2026-08-10T08:41:28,470a578,vm,CPython,3.12.3,4,4,1,5,14,,pour,M1,L2,astar_early,,h1,"f,-g,fifo",early,open_u_closed_reopen,False,,,,,,44,91,47,0,6,47,91,0.015370471000096586,0.016237283000009484,16.0390625,16,44,0,
d1a9832c8a29691a1f0f871ff4b9749ae350d983,2026-08-10T08:41:28,470a578,vm,CPython,3.12.3,4,4,1,5,14,,pour,M1,L3,astar_early,,h1,"f,-g,fifo",early,open_u_closed_reopen,False,,,,,,44,91,47,0,6,47,91,0.0020852529999046965,0.015800000999888653,16.0390625,16,44,0,
3ff81c715724117cf55e98d1c262946f64629bde,2026-08-10T08:41:28,470a578,vm,CPython,3.12.3,4,4,1,5,17,,pour,M1,L0,astar_early,,h1,"f,-g,fifo",early,open_u_closed_reopen,False,,,,,,11,18,7,0,1,11,18,1.2497999705374241e-05,0.000290842999902452,16.0390625,5,11,0,
a36eaf5c20bf92267ef5c7fca1b8bb219ff73d93,2026-08-10T08:41:28,470a578,vm,CPython,3.12.3,4,4,1,5,17,,pour,M1,L1,astar_early,,h1,"f,-g,fifo",early,open_u_closed_reopen,False,,,,,,11,18,7,0,1,11,18,2.1583999568974832e-05,0.00027676299987433595,16.0390625,5,11,0,
f404ba7f33dbd81776c8c00d747f87fcaf816d65,2026-08-10T08:41:28,470a578,vm,CPython,3.12.3,4,4,1,5,17,,pour,M1,L2,astar_early,,h1,"f,-g,fifo",early,open_u_closed_reopen,False,,,,,,11,18,7,0,1,11,18,0.0004205119998914597,0.0006826890000866115,16.0390625,5,11,0,
7f63a635cd55212a8d15491fb80df9324ea24b54,2026-08-10T08:41:28,470a578,vm,CPython,3.12.3,4,4,1,5,17,,pour,M1,L3,astar_early,,h1,"f,-g,fifo",early,open_u_closed_reopen,False,,,,,,11,18,7,0,1,11,18,0.00044050799988326617,0.000696638000135863,16.0390625,5,11,0,
509040fdd19478ab2901f1fff28c088e02ee9c4f,2026-08-10T08:41:28,470a578,vm,CPython,3.12.3,4,4,1,5,20,,pour,M1,L0,astar_early,,h1,"f,-g,fifo",early,open_u_closed_reopen,False,,,,,,19,38,19,0,1,19,38,1.7270999023821787e-05,0.0003480450000097335,16.04296875,7,19,0,
184597889e0968cf5a45654d5f0bbef3f854ae25,2026-08-10T08:41:28,470a578,vm,CPython,3.12.3,4,4,1,5,20,,pour,M1,L1,astar_early,,h1,"f,-g,fifo",early,open_u_closed_reopen,False,,,,,,19,38,19,0,1,19,38,3.195700014657632e-05,0.00039774800006853184,16.04296875,7,19,0,
39574bce9c877f09419eabe849440eaf99e7b00a,2026-08-10T08:41:28,470a578,vm,CPython,3.12.3,4,4,1,5,20,,pour,M1,L2,astar_early,,h1,"f,-g,fifo",early,open_u_closed_reopen,False,,,,,,19,38,19,0,1,19,38,0.00677933200086045,0.007253558999991583,16.04296875,7,19,0,
843a6e87d29e3c7385a28407c38bba413567d3b6,2026-08-10T08:41:28,470a578,vm,CPython,3.12.3,4,4,1,5,20,,pour,M1,L3,astar_early,,h1,"f,-g,fifo",early,open_u_closed_reopen,False,,,,,,19,38,19,0,1,19,38,0.0008501630002228922,0.008676239000124042,16.04296875,7,19,0,
1f7671b22704f6eb1077c2a872bf6816476b99e3,2026-08-10T08:41:28,470a578,vm,CPython,3.12.3,4,4,1,5,22,,pour,M1,L0,astar_early,,h1,"f,-g,fifo",early,open_u_closed_reopen,False,,,,,,29,44,15,0,0,29,44,2.5552000806783326e-05,0.007656540999960271,16.04296875,8,29,0,
26f38b04294b3be52488ab7a8747186b6e7c2343,2026-08-10T08:41:28,470a578,vm,CPython,3.12.3,4,4,1,5,22,,pour,M1,L1,astar_early,,h1,"f,-g,fifo",early,open_u_closed_reopen,False,,,,,,29,44,15,0,0,29,44,4.249100015840668e-05,0.006137829999943278,16.04296875,8,29,0,
37d5fab2342062200b8f0bf70c58ebe33053a621,2026-08-10T08:41:28,470a578,vm,CPython,3.12.3,4,4,1,5,22,,pour,M1,L2,astar_early,,h1,"f,-g,fifo",early,open_u_closed_reopen,False,,,,,,28,43,15,0,0,28,43,0.0009514889998172293,0.0014613509999890084,16.04296875,7,28,0,
db51af0ffb5bad7daae3c8ae24eaf593cfdb3cb9,2026-08-10T08:41:28,470a578,vm,CPython,3.12.3,4,4,1,5,22,,pour,M1,L3,astar_early,,h1,"f,-g,fifo",early,open_u_closed_reopen,False,,,,,,28,43,15,0,0,28,43,0.0011202220007362484,0.0077641940001740295,16.04296875,7,28,0,
c4935690514f389d00a859af5f0c54238a363ed7,2026-08-10T08:41:28,470a578,vm,CPython,3.12.3,4,4,1,5,24,,pour,M1,L0,astar_early,,h1,"f,-g,fifo",early,open_u_closed_reopen,False,,,,,,19,44,25,0,1,19,44,2.1593000155917252e-05,0.00039242499997271807,16.04296875,9,19,0,
ad1e5a0fe7a5c939528ca61ba3642804d174c5aa,2026-08-10T08:41:28,470a578,vm,CPython,3.12.3,4,4,1,5,24,,pour,M1,L1,astar_early,,h1,"f,-g,fifo",early,open_u_closed_reopen,False,,,,,,19,44,25,0,1,19,44,3.5695999940799084e-05,0.00038364799979717645,16.04296875,9,19,0,
08aae998f95c324cf0eac9f7882a1d219eff989d,2026-08-10T08:41:28,470a578,vm,CPython,3.12.3,4,4,1,5,24,,pour,M1,L2,astar_early,,h1,"f,-g,fifo",early,open_u_closed_reopen,False,,,,,,19,44,25,0,1,19,44,0.00916610499939452,0.009648510000033639,16.05078125,9,19,0,
8eb7c4547cc65e65c4e466f2669027159125e914,2026-08-10T08:41:28,470a578,vm,CPython,3.12.3,4,4,1,5,24,,pour,M1,L3,astar_early,,h1,"f,-g,fifo",early,open_u_closed_reopen,False,,,,,,19,44,25,0,1,19,44,0.011783382000203346,0.012305858999980046,16.05078125,9,19,0,
837b42cf28a355017a51a2ee4a8ec93c35810514,2026-08-10T08:41:28,470a578,vm,CPython,3.12.3,4,4,1,5,25,,pour,M1,L0,astar_early,,h1,"f,-g,fifo",early,open_u_closed_reopen,False,,,,,,11,15,4,0,2,11,15,1.1776999826906831e-05,0.00025766899989321246,16.05078125,5,11,0,
6a820e0a2e7b8bdc73f240c668c702fb7f2cb85c,2026-08-10T08:41:28,470a578,vm,CPython,3.12.3,4,4,1,5,25,,pour,M1,L1,astar_early,,h1,"f,-g,fifo",early,open_u_closed_reopen,False,,,,,,11,15,4,0,2,11,15,0.00017006099983518652,0.0004579049998483242,16.05078125,5,11,0,
a91a36bdf694049ebcfbcf8f58837f4a6bf1532c,2026-08-10T08:41:28,470a578,vm,CPython,3.12.3,4,4,1,5,25,,pour,M1,L2,astar_early,,h1,"f,-g,fifo",early,open_u_closed_reopen,False,,,,,,11,15,4,0,2,11,15,0.0003544119999787654,0.0006550410000727425,16.05078125,5,11,0,
d547d37b9d5dec675d010b67ed8d3a1dfd61e881,2026-08-10T08:41:28,470a578,vm,CPython,3.12.3,4,4,1,5,25,,pour,M1,L3,astar_early,,h1,"f,-g,fifo",early,open_u_closed_reopen,False,,,,,,11,15,4,0,2,11,15,0.00037479899970094266,0.0006355470000016794,16.05078125,5,11,0,
6b2786117cb86e47dd09c84a665c1eee29683373,2026-08-10T08:41:28,470a578,vm,CPython,3.12.3,4,4,1,5,27,,pour,M1,L0,astar_early,,h1,"f,-g,fifo",early,open_u_closed_reopen,False,,,,,,43,60,17,0,0,43,60,4.853000064031221e-05,0.0006590309999410238,16.05078125,10,43,0,
c9db5ef0c4015bcd9f9dc14e965a481d3536ea2e,2026-08-10T08:41:28,470a578,vm,CPython,3.12.3,4,4,1,5,27,,pour,M1,L1,astar_early,,h1,"f,-g,fifo",early,open_u_closed_reopen,False,,,,,,31,44,13,0,0,31,44,3.988000071331044e-05,0.000495359000069584,16.05078125,9,31,0,
37fe760949c40ad6913da0cecdd40a2cdfa08d42,2026-08-10T08:41:28,470a578,vm,CPython,3.12.3,4,4,1,5,27,,pour,M1,L2,astar_early,,h1,"f,-g,fifo",early,open_u_closed_reopen,False,,,,,,31,44,13,0,0,31,44,0.0009762609997778782,0.010932088000117801,16.05078125,9,31,0,
21b16eeff04570c6cbaba8c708044850e2340e96,2026-08-10T08:41:28,470a578,vm,CPython,3.12.3,4,4,1,5,27,,pour,M1,L3,astar_early,,h1,"f,-g,fifo",early,open_u_closed_reopen,False,,,,,,31,44,13,0,0,31,44,0.0013101700008064654,0.001994865000142454,16.05078125,9,31,0,
0f559e74bdd6bfc4cfc2610a8a5120fabcd463c2,2026-08-10T08:41:28,470a578,vm,CPython,3.12.3,4,4,1,5,29,,pour,M1,L0,astar_early,,h1,"f,-g,fifo",early,open_u_closed_reopen,False,,,,,,70,154,84,0,6,79,154,5.2596001978599816e-05,0.0011617359998581378,16.05078125,23,70,0,
9ca78ac685d4776d206dcb22eeca6d28d5959658,2026-08-10T08:41:28,470a578,vm,CPython,3.12.3,4,4,1,5,29,,pour,M1,L1,astar_early,,h1,"f,-g,fifo",early,open_u_closed_reopen,False,,,,,,69,153,84,0,6,78,153,0.00012857999945481424,0.0011473960000785155,16.05078125,23,69,0,
32e6eec661de568f29d4321da881730996d48222,2026-08-10T08:41:28,470a578,vm,CPython,3.12.3,4,4,1,5,29,,pour,M1,L2,astar_early,,h1,"f,-g,fifo",early,open_u_closed_reopen,False,,,,,,55,126,71,0,4,62,126,0.018813720999560246,0.020071864000101414,16.05078125,19,55,0,
73d4d701ab60133526fa2b78855f10911a3b6332,2026-08-10T08:41:28,470a578,vm,CPython,3.12.3,4,4,1,5,29,,pour,M1,L3,astar_early,,h1,"f,-g,fifo",early,open_u_closed_reopen,False,,,,,,55,126,71,0,4,62,126,0.0026388620015040942,0.011855783999862979,16.05078125,19,55,0,
48320408f3bc042ea05c35d9e97aae3773313332,2026-08-10T08:41:28,470a578,vm,CPython,3.12.3,4,4,1,5,33,,pour,M1,L0,astar_early,,h1,"f,-g,fifo",early,open_u_closed_reopen,False,,,,,,15,19,4,0,2,15,19,1.2662999324675184e-05,0.000278167000033136,16.05078125,4,15,0,
fddc18895d3b3e0cc77c318b3772a3147ee914fb,2026-08-10T08:41:28,470a578,vm,CPython,3.12.3,4,4,1,5,33,,pour,M1,L1,astar_early,,h1,"f,-g,fifo",early,open_u_closed_reopen,False,,,,,,15,19,4,0,2,15,19,2.2372999410436023e-05,0.0003310409999812691,16.05078125,4,15,0,
5ef7c678a38853ae1a6ad388989b025134e2ab27,2026-08-10T08:41:28,470a578,vm,CPython,3.12.3,4,4,1,5,33,,pour,M1,L2,astar_early,,h1,"f,-g,fifo",early,open_u_closed_reopen,False,,,,,,15,19,4,0,2,15,19,0.006032964999349133,0.006370681999896988,16.05078125,4,15,0,
82aca241acb52652709a6aa5408533e4ecec309e,2026-08-10T08:41:28,470a578,vm,CPython,3.12.3,4,4,1,5,33,,pour,M1,L3,astar_early,,h1,"f,-g,fifo",early,open_u_closed_reopen,False,,,,,,15,19,4,0,2,15,19,0.00048343800017391914,0.0007979619999787246,16.05078125,4,15,0,
b12f84fbea4e36337b71fa7605d9c7a22e3ff2be,2026-08-10T08:41:28,470a578,vm,CPython,3.12.3,4,4,1,5,34,,pour,M1,L0,astar_early,,h1,"f,-g,fifo",early,open_u_closed_reopen,False,,,,,,20,32,12,0,1,20,32,1.7381000361638144e-05,0.0003832239999610465,16.05078125,8,20,0,
8c9a949c3318cd90166b047233bec3b12c49333b,2026-08-10T08:41:28,470a578,vm,CPython,3.12.3,4,4,1,5,34,,pour,M1,L1,astar_early,,h1,"f,-g,fifo",early,open_u_closed_reopen,False,,,,,,20,32,12,0,1,20,32,5.6588000461488264e-05,0.0004433640001479944,16.05078125,8,20,0,
dd31b6b475cbda2324f82959ea3b7937a083ed43,2026-08-10T08:41:28,470a578,vm,CPython,3.12.3,4,4,1,5,34,,pour,M1,L2,astar_early,,h1,"f,-g,fifo",early,open_u_closed_reopen,False,,,,,,19,31,12,0,1,19,31,0.000671304999741551,0.0010998370000834257,16.05078125,7,19,0,
c6d81b8ae0720d9286dc98ba7e44108efe133b64,2026-08-10T08:41:28,470a578,vm,CPython,3.12.3,4,4,1,5,34,,pour,M1,L3,astar_early,,h1,"f,-g,fifo",early,open_u_closed_reopen,False,,,,,,19,31,12,0,1,19,31,0.0007418820005113957,0.008596006000061607,16.05078125,7,19,0,
a4359521d306ff9e0dce3c001456bc7b84ed1bc4,2026-08-10T08:41:28,470a578,vm,CPython,3.12.3,4,4,1,5,35,,pour,M1,L0,astar_early,,h1,"f,-g,fifo",early,open_u_closed_reopen,False,,,,,,17,24,7,0,4,18,24,1.5257000086421613e-05,0.00036765799995919224,16.05078125,7,17,0,
10bd8ae0e44e8a22676661e2a005b2e658b7a67f,2026-08-10T08:41:28,470a578,vm,CPython,3.12.3,4,4,1,5,35,,pour,M1,L1,astar_early,,h1,"f,-g,fifo",early,open_u_closed_reopen,False,,,,,,17,24,7,0,4,18,24,2.6958000262311543e-05,0.0003221559998110024,16.05078125,7,17,0,
72b118de965136df533d1199a56803870ca26d8f,2026-08-10T08:41:28,470a578,vm,CPython,3.12.3,4,4,1,5,35,,pour,M1,L2,astar_early,,h1,"f,-g,fifo",early,open_u_closed_reopen,False,,,,,,17,24,7,0,4,18,24,0.0007680910000544827,0.0012612769999122975,16.05078125,7,17,0,
f614d7cab7021b2855d42bab596f3c43b91ea333,2026-08-10T08:41:28,470a578,vm,CPython,3.12.3,4,4,1,5,35,,pour,M1,L3,astar_early,,h1,"f,-g,fifo",early,open_u_closed_reopen,False,,,,,,17,24,7,0,4,18,24,0.0005775050001375348,0.0009057039999333938,16.05078125,7,17,0,
4d8005f5612e7ac630d1c6b53730ba98442f5088,2026-08-10T08:41:28,470a578,vm,CPython,3.12.3,4,4,1,5,36,,pour,M1,L0,astar_early,,h1,"f,-g,fifo",early,open_u_closed_reopen,False,,,,,,16,23,7,0,4,17,23,1.556400025037874e-05,0.0003467120000095747,16.05078125,8,16,0,
d103a6d4fa6503a27a7239d78092ec77a5738b54,2026-08-10T08:41:28,470a578,vm,CPython,3.12.3,4,4,1,5,36,,pour,M1,L1,astar_early,,h1,"f,-g,fifo",early,open_u_closed_reopen,False,,,,,,16,23,7,0,4,17,23,2.6143999775740667e-05,0.0003940839999359014,16.05078125,8,16,0,
7c9beb45a6e8fc193bd9f9e927f68a06d4aa1a8e,2026-08-10T08:41:28,470a578,vm,CPython,3.12.3,4,4,1,5,36,,pour,M1,L2,astar_early,,h1,"f,-g,fifo",early,open_u_closed_reopen,False,,,,,,16,23,7,0,4,17,23,0.0005376169999635749,0.006025395000051503,16.05078125,8,16,0,
3beb8d23f0a23ee3049cc6ee46c88f30126966d6,2026-08-10T08:41:28,470a578,vm,CPython,3.12.3,4,4,1,5,36,,pour,M1,L3,astar_early,,h1,"f,-g,fifo",early,open_u_closed_reopen,False,,,,,,16,23,7,0,4,17,23,0.009095607000062955,0.00951113299993267,16.05078125,8,16,0,
aa2931098a4ea2ef657e48b4e0e44be166a3a1b2,2026-08-10T08:41:28,470a578,vm,CPython,3.12.3,4,4,1,5,40,,pour,M1,L0,astar_early,,h1,"f,-g,fifo",early,open_u_closed_reopen,False,,,,,,27,41,14,0,3,27,41,1.9530000599843333e-05,0.0004840700000841025,16.05078125,10,27,0,
798fe4cbb265f3eb627c6edcb98cf4f87e4e76b8,2026-08-10T08:41:28,470a578,vm,CPython,3.12.3,4,4,1,5,40,,pour,M1,L1,astar_early,,h1,"f,-g,fifo",early,open_u_closed_reopen,False,,,,,,23,37,14,0,3,23,37,3.285600064373284e-05,0.00043003500013583107,16.05078125,9,23,0,
ee7698e64e04d034a251d004daec2c08ad35a0ca,2026-08-10T08:41:28,470a578,vm,CPython,3.12.3,4,4,1,5,40,,pour,M1,L2,astar_early,,h1,"f,-g,fifo",early,open_u_closed_reopen,False,,,,,,23,37,14,0,3,23,37,0.011924863999411173,0.01239911899983781,16.05078125,9,23,0,
25ff1ab56d173cec0c52a16d6dafbd35d033d235,2026-08-10T08:41:28,470a578,vm,CPython,3.12.3,4,4,1,5,40,,pour,M1,L3,astar_early,,h1,"f,-g,fifo",early,open_u_closed_reopen,False,,,,,,23,37,14,0,3,23,37,0.0008529859999271139,0.001331633000063448,16.0546875,9,23,0,
bf07f77b257522067b203afdcde4eb66f0fcadee,2026-08-10T08:41:28,470a578,vm,CPython,3.12.3,4,4,1,5,41,,pour,M1,L0,astar_early,,h1,"f,-g,fifo",early,open_u_closed_reopen,False,,,,,,29,40,11,0,0,29,40,2.0737999193443102e-05,0.000499402999821541,16.0546875,6,29,0,
52ae85d64285f225e08c1718e1dd20aa9a3be81f,2026-08-10T08:41:28,470a578,vm,CPython,3.12.3,4,4,1,5,41,,pour,M1,L1,astar_early,,h1,"f,-g,fifo",early,open_u_closed_reopen,False,,,,,,29,40,11,0,0,29,40,6.819499958510278e-05,0.009650755999928151,16.0546875,6,29,0,
660d895085e8100ef3f56eea53555f5e0058e953,2026-08-10T08:41:28,470a578,vm,CPython,3.12.3,4,4,1,5,41,,pour,M1,L2,astar_early,,h1,"f,-g,fifo",early,open_u_closed_reopen,False,,,,,,29,40,11,0,0,29,40,0.0008522840005298349,0.0013664499999777036,16.0546875,6,29,0,
e8db9922c017ceaab5cc18e685fbc8255d474fd2,2026-08-10T08:41:28,470a578,vm,CPython,3.12.3,4,4,1,5,41,,pour,M1,L3,astar_early,,h1,"f,-g,fifo",early,open_u_closed_reopen,False,,,,,,29,40,11,0,0,29,40,0.0009465119994729321,0.0015321159999075462,16.0546875,6,29,0,
86f278f0fa7bc9fcfac7d3665e7e2cdf1dfdde84,2026-08-10T08:41:28,470a578,vm,CPython,3.12.3,4,4,1,5,49,,pour,M1,L0,astar_early,,h1,"f,-g,fifo",early,open_u_closed_reopen,False,,,,,,26,45,19,0,4,28,45,2.0509000023594126e-05,0.00045932499983791786,16.0546875,9,26,0,
9b066cbeace0fa4a12b447ec0a466fa4cfc556e4,2026-08-10T08:41:28,470a578,vm,CPython,3.12.3,4,4,1,5,49,,pour,M1,L1,astar_early,,h1,"f,-g,fifo",early,open_u_closed_reopen,False,,,,,,26,45,19,0,4,28,45,4.331199966145505e-05,0.007083150999960708,16.0546875,9,26,0,
61bd485d3c3e936b39b6455ac7ff48cba5a26b01,2026-08-10T08:41:28,470a578,vm,CPython,3.12.3,4,4,1,5,49,,pour,M1,L2,astar_early,,h1,"f,-g,fifo",early,open_u_closed_reopen,False,,,,,,26,45,19,0,4,28,45,0.013073531000827643,0.013666047000015169,16.0546875,9,26,0,
8a2736d796cb24f738c9c5e46bb0a730a00ef26a,2026-08-10T08:41:28,470a578,vm,CPython,3.12.3,4,4,1,5,49,,pour,M1,L3,astar_early,,h1,"f,-g,fifo",early,open_u_closed_reopen,False,,,,,,26,45,19,0,4,28,45,0.0010449239994159143,0.0016449869999632938,16.0546875,9,26,0,
9a62e6e6ebbc2a8808fde67be1c8136f72ace37d,2026-08-10T08:41:28,470a578,vm,CPython,3.12.3,4,4,1,5,50,,pour,M1,L0,astar_early,,h1,"f,-g,fifo",early,open_u_closed_reopen,False,,,,,,22,42,20,0,3,23,42,2.354399975956767e-05,0.0005037349999383878,16.0546875,10,22,0,
34928e561301089bbcba32153655004000dd7bf7,2026-08-10T08:41:28,470a578,vm,CPython,3.12.3,4,4,1,5,50,,pour,M1,L1,astar_early,,h1,"f,-g,fifo",early,open_u_closed_reopen,False,,,,,,22,42,20,0,3,23,42,3.928999899471819e-05,0.000437895999993998,16.0546875,10,22,0,
ca4e9abf454e1e3176614cc8701962d841a90883,2026-08-10T08:41:28,470a578,vm,CPython,3.12.3,4,4,1,5,50,,pour,M1,L2,astar_early,,h1,"f,-g,fifo",early,open_u_closed_reopen,False,,,,,,22,42,20,0,3,23,42,0.0009069029997590405,0.0014051139999082807,16.0546875,10,22,0,
cf7334a05a5cea9d242bae35729464693c5f46e1,2026-08-10T08:41:28,470a578,vm,CPython,3.12.3,4,4,1,5,50,,pour,M1,L3,astar_early,,h1,"f,-g,fifo",early,open_u_closed_reopen,False,,,,,,22,42,20,0,3,23,42,0.009586948000105622,0.010148508000156653,16.0546875,10,22,0,
ad2a1459354a10e1748e6e63431e88575208eb8f,2026-08-10T08:41:28,470a578,vm,CPython,3.12.3,4,4,1,5,53,,pour,M1,L0,astar_early,,h1,"f,-g,fifo",early,open_u_closed_reopen,False,,,,,,9,13,4,0,2,9,13,1.1171999858561321e-05,0.00022639600001639337,16.0546875,4,9,0,
759db063ba11b5562f4709b522f4547c7c85d185,2026-08-10T08:41:28,470a578,vm,CPython,3.12.3,4,4,1,5,53,,pour,M1,L1,astar_early,,h1,"f,-g,fifo",early,open_u_closed_reopen,False,,,,,,9,13,4,0,2,9,13,2.4933999839049648e-05,0.00024096000015561003,16.0546875,4,9,0,
270c57d7f1daa85775bda8df9bf0cb53b51027a0,2026-08-10T08:41:28,470a578,vm,CPython,3.12.3,4,4,1,5,53,,pour,M1,L2,astar_early,,h1,"f,-g,fifo",early,open_u_closed_reopen,False,,,,,,9,13,4,0,2,9,13,0.00037109399954715627,0.0006419090000235883,16.05859375,4,9,0,
ee6cfc43fd0e75a49e6a6b68f88c14e5282a969f,2026-08-10T08:41:28,470a578,vm,CPython,3.12.3,4,4,1,5,53,,pour,M1,L3,astar_early,,h1,"f,-g,fifo",early,open_u_closed_reopen,False,,,,,,9,13,4,0,2,9,13,0.00039828500030125724,0.0006621370000630122,16.05859375,4,9,0,
5ec30581f5f4edb38d28bdcb3d40b5d972efd8b1,2026-08-10T08:41:28,470a578,vm,CPython,3.12.3,4,4,1,5,55,,pour,M1,L0,astar_early,,h1,"f,-g,fifo",early,open_u_closed_reopen,False,,,,,,20,38,18,0,3,20,38,1.9538000287866453e-05,0.0004188059999705729,16.05859375,8,20,0,
69cf4ac3d0e4c542325ec7714433b4b1ea00a1fb,2026-08-10T08:41:28,470a578,vm,CPython,3.12.3,4,4,1,5,55,,pour,M1,L1,astar_early,,h1,"f,-g,fifo",early,open_u_closed_reopen,False,,,,,,20,38,18,0,3,20,38,3.692400059662759e-05,0.00041678399998090754,16.05859375,8,20,0,
c9a94c2e76bcaa556a2145b84afc754c771fe2df,2026-08-10T08:41:28,470a578,vm,CPython,3.12.3,4,4,1,5,55,,pour,M1,L2,astar_early,,h1,"f,-g,fifo",early,open_u_closed_reopen,False,,,,,,20,38,18,0,3,20,38,0.0007283879992883158,0.00119379900002059,16.05859375,8,20,0,
d98ebe1c3c8d8acdab43e0965677b9cb777f0f46,2026-08-10T08:41:28,470a578,vm,CPython,3.12.3,4,4,1,5,55,,pour,M1,L3,astar_early,,h1,"f,-g,fifo",early,open_u_closed_reopen,False,,,,,,20,38,18,0,3,20,38,0.0008532530000593397,0.0012990570000965818,16.05859375,8,20,0,
804bcf3d2cd10d2c561b0d6944048bb35461d3b0,2026-08-10T08:41:28,470a578,vm,CPython,3.12.3,4,4,1,5,57,,pour,M1,L0,astar_early,,h1,"f,-g,fifo",early,open_u_closed_reopen,False,,,,,,53,113,60,0,3,57,113,3.972799959228723e-05,0.0008811889999833511,16.05859375,17,53,0,
36dca9fb1217b165fd7ad186ff2231222eaa15de,2026-08-10T08:41:28,470a578,vm,CPython,3.12.3,4,4,1,5,57,,pour,M1,L1,astar_early,,h1,"f,-g,fifo",early,open_u_closed_reopen,False,,,,,,37,80,43,0,2,42,80,6.472300015047949e-05,0.0007226610000543587,16.05859375,13,37,0,
7e0f72d97768dc630b16b370fc58a877734ce2a6,2026-08-10T08:41:28,470a578,vm,CPython,3.12.3,4,4,1,5,57,,pour,M1,L2,astar_early,,h1,"f,-g,fifo",early,open_u_closed_reopen,False,,,,,,37,80,43,0,2,42,80,0.0015836719990147685,0.0024447650000638532,16.05859375,13,37,0,
3ea13f19733f33cd33d7f2876560cbfd3d0b60d5,2026-08-10T08:41:28,470a578,vm,CPython,3.12.3,4,4,1,5,57,,pour,M1,L3,astar_early,,h1,"f,-g,fifo",early,open_u_closed_reopen,False,,,,,,37,80,43,0,2,42,80,0.0016267900005004776,0.0024698150000403984,16.05859375,13,37,0,
a60781fbd53ed62f472af0a7ee633e576f274521,2026-08-10T08:41:28,470a578,vm,CPython,3.12.3,4,4,1,5,61,,pour,M1,L0,astar_early,,h1,"f,-g,fifo",early,open_u_closed_reopen,False,,,,,,13,17,4,0,4,13,17,1.1952000249948469e-05,0.00025795399983508105,16.05859375,5,13,0,
7d4a488b196b8963b977a912e970b7ff1abce01b,2026-08-10T08:41:28,470a578,vm,CPython,3.12.3,4,4,1,5,61,,pour,M1,L1,astar_early,,h1,"f,-g,fifo",early,open_u_closed_reopen,False,,,,,,13,17,4,0,4,13,17,2.2266999394560116e-05,0.00033207900014531333,16.05859375,5,13,0,
8789634fbf3444d95319bbe9c2af219330ecbc3a,2026-08-10T08:41:28,470a578,vm,CPython,3.12.3,4,4,1,5,61,,pour,M1,L2,astar_early,,h1,"f,-g,fifo",early,open_u_closed_reopen,False,,,,,,13,17,4,0,4,13,17,0.00743249500010279,0.0077563199999985954,16.05859375,5,13,0,
c3f869653e5b4f180c0f60e92128d7c705b629c4,2026-08-10T08:41:28,470a578,vm,CPython,3.12.3,4,4,1,5,61,,pour,M1,L3,astar_early,,h1,"f,-g,fifo",early,open_u_closed_reopen,False,,,,,,13,17,4,0,4,13,17,0.0004446529994766024,0.0007226829998216999,16.05859375,5,13,0,
b295ec4bdabd4d00835b716692cfa01965887cb3,2026-08-10T08:41:28,470a578,vm,CPython,3.12.3,4,4,1,5,66,,pour,M1,L0,astar_early,,h1,"f,-g,fifo",early,open_u_closed_reopen,False,,,,,,46,91,45,0,2,49,91,3.2253000881610205e-05,0.0007050560000152473,16.05859375,16,46,0,
8555530aea2d7a2d5d0e84c921ab567c3373d003,2026-08-10T08:41:28,470a578,vm,CPython,3.12.3,4,4,1,5,66,,pour,M1,L1,astar_early,,h1,"f,-g,fifo",early,open_u_closed_reopen,False,,,,,,46,91,45,0,2,49,91,6.470900007116143e-05,0.0007604730001276039,16.05859375,16,46,0,
ac6a82f1df21278568a9b8c56b5817dfaf8ff5e3,2026-08-10T08:41:28,470a578,vm,CPython,3.12.3,4,4,1,5,66,,pour,M1,L2,astar_early,,h1,"f,-g,fifo",early,open_u_closed_reopen,False,,,,,,46,91,45,0,2,49,91,0.0017543370020121074,0.010855528000092818,16.05859375,16,46,0,
3f9c90961a797153367dd08a2071fe2350f502ba,2026-08-10T08:41:28,470a578,vm,CPython,3.12.3,4,4,1,5,66,,pour,M1,L3,astar_early,,h1,"f,-g,fifo",early,open_u_closed_reopen,False,,,,,,46,91,45,0,2,49,91,0.01748112000132096,0.018491349999976592,16.05859375,16,46,0,
1292c68b4ee93d11feccde64a58baa3359bbc0fc,2026-08-10T08:41:28,470a578,vm,CPython,3.12.3,4,4,1,5,68,,pour,M1,L0,astar_early,,h1,"f,-g,fifo",early,open_u_closed_reopen,False,,,,,,19,28,9,0,3,19,28,4.6224000016081845e-05,0.0003848240000934311,16.05859375,9,19,0,
3dd2f4454c12465128da5dd2cbce6a380d5f2e9a,2026-08-10T08:41:28,470a578,vm,CPython,3.12.3,4,4,1,5,68,,pour,M1,L1,astar_early,,h1,"f,-g,fifo",early,open_u_closed_reopen,False,,,,,,19,28,9,0,3,19,28,2.804699920488929e-05,0.0003977090000262251,16.05859375,9,19,0,
d67b88a01d244ece70d8814a222abc7898881461,2026-08-10T08:41:28,470a578,vm,CPython,3.12.3,4,4,1,5,68,,pour,M1,L2,astar_early,,h1,"f,-g,fifo",early,open_u_closed_reopen,False,,,,,,19,28,9,0,3,19,28,0.0006181679996188905,0.000989220000064961,16.05859375,9,19,0,
6281fad24790b0e4a225b08b763cc29ca1491d47,2026-08-10T08:41:28,470a578,vm,CPython,3.12.3,4,4,1,5,68,,pour,M1,L3,astar_early,,h1,"f,-g,fifo",early,open_u_closed_reopen,False,,,,,,19,28,9,0,3,19,28,0.0005918029994518292,0.0009937719999015826,16.05859375,9,19,0,
2da902f64e510ecc7ca9827913f811802771ea0e,2026-08-10T08:41:28,470a578,vm,CPython,3.12.3,4,4,1,5,73,,pour,M1,L0,astar_early,,h1,"f,-g,fifo",early,open_u_closed_reopen,False,,,,,,21,36,15,0,1,21,36,2.4656000505274278e-05,0.0004464189998998336,16.05859375,6,21,0,
8605cdbb9b028fb8b44c462963b586ab97978318,2026-08-10T08:41:28,470a578,vm,CPython,3.12.3,4,4,1,5,73,,pour,M1,L1,astar_early,,h1,"f,-g,fifo",early,open_u_closed_reopen,False,,,,,,13,24,11,0,1,13,24,2.5005999759741826e-05,0.0002955869999823335,16.05859375,3,13,0,
c102d0b4739dcf13f2cb790ce69c03a2f5648caf,2026-08-10T08:41:28,470a578,vm,CPython,3.12.3,4,4,1,5,73,,pour,M1,L2,astar_early,,h1,"f,-g,fifo",early,open_u_closed_reopen,False,,,,,,13,24,11,0,1,13,24,0.0005913590009640757,0.010027315000115777,16.05859375,3,13,0,
3f5bfe09ab3ea30a9bc25caf95de0a529966fee9,2026-08-10T08:41:28,470a578,vm,CPython,3.12.3,4,4,1,5,73,,pour,M1,L3,astar_early,,h1,"f,-g,fifo",early,open_u_closed_reopen,False,,,,,,13,24,11,0,1,13,24,0.0005448970005090814,0.00088094100010494,16.05859375,3,13,0,
91ad4de5d3e993e5267c695dc314281fcb8631c1,2026-08-10T08:41:28,470a578,vm,CPython,3.12.3,4,4,1,5,74,,pour,M1,L0,astar_early,,h1,"f,-g,fifo",early,open_u_closed_reopen,False,,,,,,27,37,10,0,0,27,37,1.9812000118690776e-05,0.0004742969999824709,16.05859375,6,27,0,
dd01534cec73ea963c793cc93dd9d2b2636a21aa,2026-08-10T08:41:28,470a578,vm,CPython,3.12.3,4,4,1,5,74,,pour,M1,L1,astar_early,,h1,"f,-g,fifo",early,open_u_closed_reopen,False,,,,,,27,37,10,0,0,27,37,3.289100027359382e-05,0.00045992800005478784,16.05859375,6,27,0,
ab42c3028f86411d0ce2fa1f0f5e20e8d9bd7ebf,2026-08-10T08:41:28,470a578,vm,CPython,3.12.3,4,4,1,5,74,,pour,M1,L2,astar_early,,h1,"f,-g,fifo",early,open_u_closed_reopen,False,,,,,,27,37,10,0,0,27,37,0.0008800260000043636,0.0065287700001590565,16.05859375,6,27,0,
8c8b1f84ac874c3c0a9a29bdc2e3c9ed58103a9c,2026-08-10T08:41:28,470a578,vm,CPython,3.12.3,4,4,1,5,74,,pour,M1,L3,astar_early,,h1,"f,-g,fifo",early,open_u_closed_reopen,False,,,,,,27,37,10,0,0,27,37,0.0008559579989650956,0.0013794670001061604,16.05859375,6,27,0,
398556efdb4c825dd28697d54a302498c6339253,2026-08-10T08:41:28,470a578,vm,CPython,3.12.3,4,4,1,5,75,,pour,M1,L0,astar_early,,h1,"f,-g,fifo",early,open_u_closed_reopen,False,,,,,,74,150,76,0,4,78,150,5.788100156678411e-05,0.0058030760001202,16.05859375,21,74,0,
3fc85e6c43a0fb5c1f87ff16fd62baa6befb1b53,2026-08-10T08:41:28,470a578,vm,CPython,3.12.3,4,4,1,5,75,,pour,M1,L1,astar_early,,h1,"f,-g,fifo",early,open_u_closed_reopen,False,,,,,,74,150,76,0,4,78,150,0.00013321199980964593,0.0012264639999557403,16.05859375,21,74,0,
a52b917f06e4a7d0486d9cc29de1c6c2219b80ed,2026-08-10T08:41:28,470a578,vm,CPython,3.12.3,4,4,1,5,75,,pour,M1,L2,astar_early,,h1,"f,-g,fifo",early,open_u_closed_reopen,False,,,,,,74,150,76,0,4,78,150,0.0029466520006735664,0.019061758000134432,16.05859375,21,74,0,
4601be0b6687146d3508c3edb0e2ccdb41440854,2026-08-10T08:41:28,470a578,vm,CPython,3.12.3,4,4,1,5,75,,pour,M1,L3,astar_early,,h1,"f,-g,fifo",early,open_u_closed_reopen,False,,,,,,74,150,76,0,4,78,150,0.002964216999544078,0.01166785999998865,16.05859375,21,74,0,
44dfb2d3d7dd637d212ec68ffba03a80ccfbaf3a,2026-08-10T08:41:28,470a578,vm,CPython,3.12.3,4,4,1,5,81,,pour,M1,L0,astar_early,,h1,"f,-g,fifo",early,open_u_closed_reopen,False,,,,,,8,12,4,0,2,8,12,1.4532000250255805e-05,0.00026348400001552363,16.05859375,4,8,0,
c9c2ef6fe7cdb6551c5c78fc55c7622338ee0717,2026-08-10T08:41:28,470a578,vm,CPython,3.12.3,4,4,1,5,81,,pour,M1,L1,astar_early,,h1,"f,-g,fifo",early,open_u_closed_reopen,False,,,,,,8,12,4,0,2,8,12,1.861200007624575e-05,0.003356039999971472,16.05859375,4,8,0,
ea64e65811cdd34d310a6c158ebc0e4976264786,2026-08-10T08:41:28,470a578,vm,CPython,3.12.3,4,4,1,5,81,,pour,M1,L2,astar_early,,h1,"f,-g,fifo",early,open_u_closed_reopen,False,,,,,,8,12,4,0,2,8,12,0.00034992300038538815,0.0005577570000241394,16.05859375,4,8,0,
8e16434ccbc5f9dff841d6d5bda8cccbad22d5e0,2026-08-10T08:41:28,470a578,vm,CPython,3.12.3,4,4,1,5,81,,pour,M1,L3,astar_early,,h1,"f,-g,fifo",early,open_u_closed_reopen,False,,,,,,8,12,4,0,2,8,12,0.00035821099982058513,0.0006384260000231734,16.05859375,4,8,0,
e5be6e378e62323b5c263440b2a1311791b6523d,2026-08-10T08:41:28,470a578,vm,CPython,3.12.3,4,4,1,5,83,,pour,M1,L0,astar_early,,h1,"f,-g,fifo",early,open_u_closed_reopen,False,,,,,,14,19,5,0,0,14,19,1.3055000636086334e-05,0.00028466000003390945,16.05859375,5,14,0,
2747572147184eb80d0f1e4cc17741763dd166e3,2026-08-10T08:41:28,470a578,vm,CPython,3.12.3,4,4,1,5,83,,pour,M1,L1,astar_early,,h1,"f,-g,fifo",early,open_u_closed_reopen,False,,,,,,14,19,5,0,0,14,19,2.366799981246004e-05,0.0003424860001359775,16.06640625,5,14,0,
fac61ca9a1c8e8f2b335e4a2cd8c4e127e1d7cc3,2026-08-10T08:41:28,470a578,vm,CPython,3.12.3,4,4,1,5,83,,pour,M1,L2,astar_early,,h1,"f,-g,fifo",early,open_u_closed_reopen,False,,,,,,14,19,5,0,0,14,19,0.0005393269996147865,0.006905497999923682,16.06640625,5,14,0,
49fe61c468f85cfcd9ee33a0c44806b15e9b8bd1,2026-08-10T08:41:28,470a578,vm,CPython,3.12.3,4,4,1,5,83,,pour,M1,L3,astar_early,,h1,"f,-g,fifo",early,open_u_closed_reopen,False,,,,,,14,19,5,0,0,14,19,0.0005137860000559158,0.000882564999983515,16.06640625,5,14,0,
0f646339fb06bd0263a95c8c39c5ec450e8344e9,2026-08-10T08:41:28,470a578,vm,CPython,3.12.3,4,4,1,5,84,,pour,M1,L0,astar_early,,h1,"f,-g,fifo",early,open_u_closed_reopen,False,,,,,,13,17,4,0,2,13,17,1.2831000276491977e-05,0.00031545800015919667,16.06640625,5,13,0,
dca8acadd50210b33f6e1138af94a3a718a2cae4,2026-08-10T08:41:28,470a578,vm,CPython,3.12.3,4,4,1,5,84,,pour,M1,L1,astar_early,,h1,"f,-g,fifo",early,open_u_closed_reopen,False,,,,,,13,17,4,0,2,13,17,2.4259999690912082e-05,0.00029799499998262036,16.06640625,5,13,0,
2cc915d09ec67318ebdc95a6a5467a8cf8f4ede0,2026-08-10T08:41:28,470a578,vm,CPython,3.12.3,4,4,1,5,84,,pour,M1,L2,astar_early,,h1,"f,-g,fifo",early,open_u_closed_reopen,False,,,,,,13,17,4,0,2,13,17,0.0004237770001509489,0.000774471999875459,16.06640625,5,13,0,
742af5edd91d11d61a0bcf9e050b26da3bebe712,2026-08-10T08:41:28,470a578,vm,CPython,3.12.3,4,4,1,5,84,,pour,M1,L3,astar_early,,h1,"f,-g,fifo",early,open_u_closed_reopen,False,,,,,,13,17,4,0,2,13,17,0.0004946879996623466,0.0007924039998670196,16.06640625,5,13,0,
54f37d6770e83a3aa35fc0594cfd83adc644453e,2026-08-10T08:41:28,470a578,vm,CPython,3.12.3,4,4,1,5,85,,pour,M1,L0,astar_early,,h1,"f,-g,fifo",early,open_u_closed_reopen,False,,,,,,21,27,6,0,3,21,27,2.1874000140087446e-05,0.0003737520000868244,16.06640625,5,21,0,
46e9a64fba1d15af42e13faa5aa5c5b87546d5f7,2026-08-10T08:41:28,470a578,vm,CPython,3.12.3,4,4,1,5,85,,pour,M1,L1,astar_early,,h1,"f,-g,fifo",early,open_u_closed_reopen,False,,,,,,21,27,6,0,3,21,27,2.5766999442566885e-05,0.00036326999997982057,16.06640625,5,21,0,
d36b0dc5576957666983585c057d1294c606a902,2026-08-10T08:41:28,470a578,vm,CPython,3.12.3,4,4,1,5,85,,pour,M1,L2,astar_early,,h1,"f,-g,fifo",early,open_u_closed_reopen,False,,,,,,20,26,6,0,3,20,26,0.0006604559998777404,0.0011165369999162067,16.06640625,5,20,0,
46d5f8e865a33dbe0efbd519efabaa7a0fec5961,2026-08-10T08:41:28,470a578,vm,CPython,3.12.3,4,4,1,5,85,,pour,M1,L3,astar_early,,h1,"f,-g,fifo",early,open_u_closed_reopen,False,,,,,,20,26,6,0,3,20,26,0.006627039999784756,0.007053210000094623,16.06640625,5,20,0,
69586a305e2d85f9ae1b6431b03cccb8d24adf19,2026-08-10T08:41:29,470a578,vm,CPython,3.12.3,4,4,1,5,89,,pour,M1,L0,astar_early,,h1,"f,-g,fifo",early,open_u_closed_reopen,False,,,,,,13,17,4,0,2,13,17,1.4072000340092927e-05,0.006172809999952733,16.06640625,5,13,0,
87cb136568494dfc9d8b8f04f8aedff51f000a44,2026-08-10T08:41:29,470a578,vm,CPython,3.12.3,4,4,1,5,89,,pour,M1,L1,astar_early,,h1,"f,-g,fifo",early,open_u_closed_reopen,False,,,,,,13,17,4,0,2,13,17,2.4098000267258612e-05,0.006451548999848455,16.06640625,5,13,0,
ee5b861480d5a87f1c5cfcb8318af9249dc14caa,2026-08-10T08:41:29,470a578,vm,CPython,3.12.3,4,4,1,5,89,,pour,M1,L2,astar_early,,h1,"f,-g,fifo",early,open_u_closed_reopen,False,,,,,,13,17,4,0,2,13,17,0.0017473120005888632,0.002109104000055595,16.06640625,5,13,0,
ba778a0f4f77031dafad0763e4ab775218e3b26f,2026-08-10T08:41:29,470a578,vm,CPython,3.12.3,4,4,1,5,89,,pour,M1,L3,astar_early,,h1,"f,-g,fifo",early,open_u_closed_reopen,False,,,,,,13,17,4,0,2,13,17,0.004756651999286987,0.005090587000040614,16.06640625,5,13,0,
b76665de3049e5be2473ef74b7937f6d49e5a4bf,2026-08-10T08:41:29,470a578,vm,CPython,3.12.3,4,4,1,5,90,,pour,M1,L0,astar_early,,h1,"f,-g,fifo",early,open_u_closed_reopen,False,,,,,,8,12,4,0,2,8,12,1.1331000223435694e-05,0.00022702100000060454,16.06640625,4,8,0,
0d57e52cde61adccb19c26e3bd9307adcd35d3c3,2026-08-10T08:41:29,470a578,vm,CPython,3.12.3,4,4,1,5,90,,pour,M1,L1,astar_early,,h1,"f,-g,fifo",early,open_u_closed_reopen,False,,,,,,8,12,4,0,2,8,12,1.8722999811870977e-05,0.00024754200012466754,16.06640625,4,8,0,
efeba49a171961c2594bd24371e1e1ef7fc55c3c,2026-08-10T08:41:29,470a578,vm,CPython,3.12.3,4,4,1,5,90,,pour,M1,L2,astar_early,,h1,"f,-g,fifo",early,open_u_closed_reopen,False,,,,,,8,12,4,0,2,8,12,0.0003336340005262173,0.0005432289999589557,16.06640625,4,8,0,
979133ce674c73149d7b4d552ed8c0eb4aa45086,2026-08-10T08:41:29,470a578,vm,CPython,3.12.3,4,4,1,5,90,,pour,M1,L3,astar_early,,h1,"f,-g,fifo",early,open_u_closed_reopen,False,,,,,,8,12,4,0,2,8,12,0.0003353870004048076,0.008127464999915901,16.06640625,4,8,0,
51ed6faf57a24228e8d3677aa851fbb6f5f6b40d,2026-08-10T08:41:29,470a578,vm,CPython,3.12.3,4,4,1,5,93,,pour,M1,L0,astar_early,,h1,"f,-g,fifo",early,open_u_closed_reopen,False,,,,,,11,17,6,0,1,11,17,1.2812999557354487e-05,0.00025441799994041503,16.06640625,4,11,0,
db7e9ca931b652e6f6fcfa8002c7f0c1f2656469,2026-08-10T08:41:29,470a578,vm,CPython,3.12.3,4,4,1,5,93,,pour,M1,L1,astar_early,,h1,"f,-g,fifo",early,open_u_closed_reopen,False,,,,,,11,17,6,0,1,11,17,2.4567000536990236e-05,0.00027548699995350034,16.06640625,4,11,0,
003c89a8272f2d02c9968f59fe97650d78ce5753,2026-08-10T08:41:29,470a578,vm,CPython,3.12.3,4,4,1,5,93,,pour,M1,L2,astar_early,,h1,"f,-g,fifo",early,open_u_closed_reopen,False,,,,,,11,17,6,0,1,11,17,0.00038396100012505485,0.0006782039999961853,16.06640625,4,11,0,
3c9a6197d683a6be396ed5131d7ad04f04f66c13,2026-08-10T08:41:29,470a578,vm,CPython,3.12.3,4,4,1,5,93,,pour,M1,L3,astar_early,,h1,"f,-g,fifo",early,open_u_closed_reopen,False,,,,,,11,17,6,0,1,11,17,0.0004134449995945033,0.0006652170000052138,16.06640625,4,11,0,
dfcee72d65ac54f2020f53df412c6e5c3750439e,2026-08-10T08:41:29,470a578,vm,CPython,3.12.3,4,4,1,5,97,,pour,M1,L0,astar_early,,h1,"f,-g,fifo",early,open_u_closed_reopen,False,,,,,,18,22,4,0,4,18,22,1.5093000683918945e-05,0.00037384600000223145,16.06640625,7,18,0,
f04f518c08a34aebc95810aa67932d9a9670cc07,2026-08-10T08:41:29,470a578,vm,CPython,3.12.3,4,4,1,5,97,,pour,M1,L1,astar_early,,h1,"f,-g,fifo",early,open_u_closed_reopen,False,,,,,,18,22,4,0,4,18,22,2.918700010923203e-05,0.0003325430000131746,16.06640625,7,18,0,
88deb7714de9ddd0d7ac0d03e01f85bb52de82a3,2026-08-10T08:41:29,470a578,vm,CPython,3.12.3,4,4,1,5,97,,pour,M1,L2,astar_early,,h1,"f,-g,fifo",early,open_u_closed_reopen,False,,,,,,17,21,4,0,4,17,21,0.0004615479995209171,0.0007853279998926155,16.06640625,6,17,0,
ce416d4c6fd49c7b4910bfb202dd242bb44fdd87,2026-08-10T08:41:29,470a578,vm,CPython,3.12.3,4,4,1,5,97,,pour,M1,L3,astar_early,,h1,"f,-g,fifo",early,open_u_closed_reopen,False,,,,,,17,21,4,0,4,17,21,0.00048786699994707305,0.0009022230001392018,16.06640625,6,17,0,
5e72d7816a727266ee5b69201b56317b1587169d,2026-08-10T08:41:29,470a578,vm,CPython,3.12.3,4,4,1,5,99,,pour,M1,L0,astar_early,,h1,"f,-g,fifo",early,open_u_closed_reopen,False,,,,,,23,43,20,0,3,23,43,1.976199905584508e-05,0.000413420000086262,16.06640625,10,23,0,
2e462ef3c419b5f32e77d2c4048c01b153fc6223,2026-08-10T08:41:29,470a578,vm,CPython,3.12.3,4,4,1,5,99,,pour,M1,L1,astar_early,,h1,"f,-g,fifo",early,open_u_closed_reopen,False,,,,,,23,43,20,0,3,23,43,3.8414000073316856e-05,0.0004881199999999808,16.06640625,10,23,0,
79dad8dfe372a9a955e4208f00eca60fbd05ce56,2026-08-10T08:41:29,470a578,vm,CPython,3.12.3,4,4,1,5,99,,pour,M1,L2,astar_early,,h1,"f,-g,fifo",early,open_u_closed_reopen,False,,,,,,23,43,20,0,3,23,43,0.0012396550005178142,0.013375208000070415,16.06640625,10,23,0,
1c573d193d4b888e71f6fca83291f8e9be69809e,2026-08-10T08:41:29,470a578,vm,CPython,3.12.3,4,4,1,5,99,,pour,M1,L3,astar_early,,h1,"f,-g,fifo",early,open_u_closed_reopen,False,,,,,,23,43,20,0,3,23,43,0.0010013830012667313,0.0014840850001291983,16.06640625,10,23,0,
86dbafd45d3f4ff6e2d4b491896aabb6e4b378db,2026-08-10T08:41:29,470a578,vm,CPython,3.12.3,4,4,1,5,100,,pour,M1,L0,astar_early,,h1,"f,-g,fifo",early,open_u_closed_reopen,False,,,,,,30,63,33,0,3,30,63,2.533299971219094e-05,0.0005255399998986832,16.06640625,11,30,0,
7242f4d80167ea8c91131f9f91e8df951f051cec,2026-08-10T08:41:29,470a578,vm,CPython,3.12.3,4,4,1,5,100,,pour,M1,L1,astar_early,,h1,"f,-g,fifo",early,open_u_closed_reopen,False,,,,,,30,63,33,0,3,30,63,5.2408000328796334e-05,0.0006004999997912819,16.06640625,11,30,0,
6eac59baf2624849c58d4641a6b7a9f99efb48ed,2026-08-10T08:41:29,470a578,vm,CPython,3.12.3,4,4,1,5,100,,pour,M1,L2,astar_early,,h1,"f,-g,fifo",early,open_u_closed_reopen,False,,,,,,30,63,33,0,3,30,63,0.013383352999198905,0.014037760000064736,16.06640625,11,30,0,
93efc5dd54446acdff7839c3fac3f4e0d1c5d96b,2026-08-10T08:41:29,470a578,vm,CPython,3.12.3,4,4,1,5,100,,pour,M1,L3,astar_early,,h1,"f,-g,fifo",early,open_u_closed_reopen,False,,,,,,30,63,33,0,3,30,63,0.014654177998863815,0.015355292000094778,16.06640625,11,30,0,
f39d0e3fd3ea6a4a95a9bb57e3dbd5e31c2f0080,2026-08-10T08:41:29,470a578,vm,CPython,3.12.3,4,4,1,5,102,,pour,M1,L0,astar_early,,h1,"f,-g,fifo",early,open_u_closed_reopen,False,,,,,,13,18,5,0,3,13,18,1.2558000662465929e-05,0.0002738900000167632,16.06640625,6,13,0,
6032fefff86903819e790e64871db29ae2635e0a,2026-08-10T08:41:29,470a578,vm,CPython,3.12.3,4,4,1,5,102,,pour,M1,L1,astar_early,,h1,"f,-g,fifo",early,open_u_closed_reopen,False,,,,,,13,18,5,0,3,13,18,2.3778999548085267e-05,0.0002787839998745767,16.06640625,6,13,0,
9ed10a5641af4c3ec0a865d3f8a363220fa3f934,2026-08-10T08:41:29,470a578,vm,CPython,3.12.3,4,4,1,5,102,,pour,M1,L2,astar_early,,h1,"f,-g,fifo",early,open_u_closed_reopen,False,,,,,,13,18,5,0,3,13,18,0.00044987000001128763,0.0007547359998625325,16.06640625,6,13,0,
b3a3def91edbf963733ac47234ab8a4bf72847d2,2026-08-10T08:41:29,470a578,vm,CPython,3.12.3,4,4,1,5,102,,pour,M1,L3,astar_early,,h1,"f,-g,fifo",early,open_u_closed_reopen,False,,,,,,13,18,5,0,3,13,18,0.00045312199995350966,0.0007203350000963837,16.06640625,6,13,0,
574f74ccbde3b0b0d9a0dd52d31c9756ae004617,2026-08-10T08:41:29,470a578,vm,CPython,3.12.3,4,4,1,5,106,,pour,M1,L0,astar_early,,h1,"f,-g,fifo",early,open_u_closed_reopen,False,,,,,,52,96,44,0,6,57,96,3.682400074467296e-05,0.0008520809999481571,16.06640625,12,52,0,
bf362305ceb41bcb1ee87a7fc32f5b165b3b78ba,2026-08-10T08:41:29,470a578,vm,CPython,3.12.3,4,4,1,5,106,,pour,M1,L1,astar_early,,h1,"f,-g,fifo",early,open_u_closed_reopen,False,,,,,,52,96,44,0,6,57,96,7.748099847049161e-05,0.0010698870000851457,16.06640625,12,52,0,
6ddd98ade1f3f9e4f90e2ec98d6d0459a4fb04bf,2026-08-10T08:41:29,470a578,vm,CPython,3.12.3,4,4,1,5,106,,pour,M1,L2,astar_early,,h1,"f,-g,fifo",early,open_u_closed_reopen,False,,,,,,52,96,44,0,6,57,96,0.016125028000033126,0.01747859000010976,16.06640625,12,52,0,
4847db6c3274a76820b528c7061d12b96dbeccc0,2026-08-10T08:41:29,470a578,vm,CPython,3.12.3,4,4,1,5,106,,pour,M1,L3,astar_early,,h1,"f,-g,fifo",early,open_u_closed_reopen,False,,,,,,52,96,44,0,6,57,96,0.00210875899824714,0.013668119999920236,16.06640625,12,52,0,
6d8324052f6ba00685789539ab9b4382650afd2e,2026-08-10T08:41:29,470a578,vm,CPython,3.12.3,4,4,1,5,107,,pour,M1,L0,astar_early,,h1,"f,-g,fifo",early,open_u_closed_reopen,False,,,,,,25,43,18,0,1,25,43,2.5566000658727717e-05,0.0004970670001966937,16.06640625,9,25,0,
275ef59800ef461b8516186015416ea34ab7dbc3,2026-08-10T08:41:29,470a578,vm,CPython,3.12.3,4,4,1,5,107,,pour,M1,L1,astar_early,,h1,"f,-g,fifo",early,open_u_closed_reopen,False,,,,,,25,43,18,0,1,25,43,3.562199981388403e-05,0.000463651000018217,16.06640625,9,25,0,
676a71fca704af5ec71d9232b5b5c6c81054b014,2026-08-10T08:41:29,470a578,vm,CPython,3.12.3,4,4,1,5,107,,pour,M1,L2,astar_early,,h1,"f,-g,fifo",early,open_u_closed_reopen,False,,,,,,25,43,18,0,1,25,43,0.0012983229996734735,0.010035004999963348,16.06640625,9,25,0,
bbf82f04f37871d9721e858cc6dcc265d7588045,2026-08-10T08:41:29,470a578,vm,CPython,3.12.3,4,4,1,5,107,,pour,M1,L3,astar_early,,h1,"f,-g,fifo",early,open_u_closed_reopen,False,,,,,,25,43,18,0,1,25,43,0.0009904589996949653,0.0014982709999458166,16.06640625,9,25,0,
b0141cc6bca07e5aa0ef86edb131cc5086435887,2026-08-10T08:41:29,470a578,vm,CPython,3.12.3,4,4,1,5,109,,pour,M1,L0,astar_early,,h1,"f,-g,fifo",early,open_u_closed_reopen,False,,,,,,9,12,3,0,2,9,12,1.4909000128682237e-05,0.00022536799997396884,16.06640625,4,9,0,
2efbcfa6b8bc3d9fddcbb49eeb0bacc6bb80f0cf,2026-08-10T08:41:29,470a578,vm,CPython,3.12.3,4,4,1,5,109,,pour,M1,L1,astar_early,,h1,"f,-g,fifo",early,open_u_closed_reopen,False,,,,,,9,12,3,0,2,9,12,1.886399991235521e-05,0.0002817150000282709,16.06640625,4,9,0,
22e4fa3b84d82648e1a65ec4706b45a69dceb295,2026-08-10T08:41:29,470a578,vm,CPython,3.12.3,4,4,1,5,109,,pour,M1,L2,astar_early,,h1,"f,-g,fifo",early,open_u_closed_reopen,False,,,,,,9,12,3,0,2,9,12,0.0003450860001521505,0.0005808619998788345,16.06640625,4,9,0,
df008ccd0b0696817e64e8cc118c2d41f067d183,2026-08-10T08:41:29,470a578,vm,CPython,3.12.3,4,4,1,5,109,,pour,M1,L3,astar_early,,h1,"f,-g,fifo",early,open_u_closed_reopen,False,,,,,,9,12,3,0,2,9,12,0.00033826499998212967,0.0005588220001300215,16.06640625,4,9,0,
e484566a94176a31af1ad99f66aff154a4bc8d8f,2026-08-10T08:41:29,470a578,vm,CPython,3.12.3,4,4,1,5,112,,pour,M1,L0,astar_early,,h1,"f,-g,fifo",early,open_u_closed_reopen,False,,,,,,7,9,2,0,2,7,9,9.988999863708159e-06,0.0002023729998654744,16.06640625,4,7,0,
0632e5d0ace4a8e136749958c7bfcf87f4ba79eb,2026-08-10T08:41:29,470a578,vm,CPython,3.12.3,4,4,1,5,112,,pour,M1,L1,astar_early,,h1,"f,-g,fifo",early,open_u_closed_reopen,False,,,,,,7,9,2,0,2,7,9,1.617699990674737e-05,0.00020283200001358637,16.06640625,4,7,0,
d676658504a1ef463976d2f45bb1349991b2f036,2026-08-10T08:41:29,470a578,vm,CPython,3.12.3,4,4,1,5,112,,pour,M1,L2,astar_early,,h1,"f,-g,fifo",early,open_u_closed_reopen,False,,,,,,7,9,2,0,2,7,9,0.00022709300060341775,0.0004406049999943207,16.06640625,4,7,0,
e765f7f5f6ad1f213436548d829a6fea197b240a,2026-08-10T08:41:29,470a578,vm,CPython,3.12.3,4,4,1,5,112,,pour,M1,L3,astar_early,,h1,"f,-g,fifo",early,open_u_closed_reopen,False,,,,,,7,9,2,0,2,7,9,0.0002356879997478245,0.0004320099999404192,16.06640625,4,7,0,
d41598e475bb104fce844d598724e21ac0099a39,2026-08-10T08:41:29,470a578,vm,CPython,3.12.3,4,4,1,5,119,,pour,M1,L0,astar_early,,h1,"f,-g,fifo",early,open_u_closed_reopen,False,,,,,,9,13,4,0,2,9,13,1.5051999980641995e-05,0.008307895999905668,16.06640625,4,9,0,
3855d0df3b3471462c9323d448f5daeed0b64e56,2026-08-10T08:41:29,470a578,vm,CPython,3.12.3,4,4,1,5,119,,pour,M1,L1,astar_early,,h1,"f,-g,fifo",early,open_u_closed_reopen,False,,,,,,9,13,4,0,2,9,13,2.017799988607294e-05,0.0002475689998391317,16.06640625,4,9,0,
ef88d44b06d809a0c9c937613681f0cdfcd19911,2026-08-10T08:41:29,470a578,vm,CPython,3.12.3,4,4,1,5,119,,pour,M1,L2,astar_early,,h1,"f,-g,fifo",early,open_u_closed_reopen,False,,,,,,9,13,4,0,2,9,13,0.0003482100000837818,0.0006074499999613181,16.06640625,4,9,0,
0d4f4c45b7bb47f7922b72178360482096ac9564,2026-08-10T08:41:29,470a578,vm,CPython,3.12.3,4,4,1,5,119,,pour,M1,L3,astar_early,,h1,"f,-g,fifo",early,open_u_closed_reopen,False,,,,,,9,13,4,0,2,9,13,0.0003470280000783532,0.0005748759999733011,16.06640625,4,9,0,
ffeaa0d811268e7a9caf8ebcd35864f95af26409,2026-08-10T08:41:29,470a578,vm,CPython,3.12.3,4,4,1,5,121,,pour,M1,L0,astar_early,,h1,"f,-g,fifo",early,open_u_closed_reopen,False,,,,,,23,37,14,0,0,23,37,2.6176998972005094e-05,0.003828317999932551,16.06640625,8,23,0,
64d18cd9499403b07e3d531e071e6d61287a0211,2026-08-10T08:41:29,470a578,vm,CPython,3.12.3,4,4,1,5,121,,pour,M1,L1,astar_early,,h1,"f,-g,fifo",early,open_u_closed_reopen,False,,,,,,23,37,14,0,0,23,37,4.788299838764942e-05,0.0005853309999110934,16.06640625,8,23,0,
8d236509394c22946817a1a6e1452da88bda0b1a,2026-08-10T08:41:29,470a578,vm,CPython,3.12.3,4,4,1,5,121,,pour,M1,L2,astar_early,,h1,"f,-g,fifo",early,open_u_closed_reopen,False,,,,,,23,37,14,0,0,23,37,0.0007835029989564646,0.001229637000051298,16.06640625,8,23,0,
15e6167f14b7c3263b50766555e77e56472ee8c7,2026-08-10T08:41:29,470a578,vm,CPython,3.12.3,4,4,1,5,121,,pour,M1,L3,astar_early,,h1,"f,-g,fifo",early,open_u_closed_reopen,False,,,,,,23,37,14,0,0,23,37,0.0007928050010832521,0.001227325999934692,16.06640625,8,23,0,
aa23320c9e0e1565d85930aa6b8e0029b752c77d,2026-08-10T08:41:29,470a578,vm,CPython,3.12.3,5,4,1,6,0,,pour,M1,L0,astar_early,,h1,"f,-g,fifo",early,open_u_closed_reopen,False,,,,,,20,42,22,0,2,20,42,1.8768000018098974e-05,0.00040361199990002206,15.8359375,8,20,0,
4595995de6c9c5ef6d7754f009b916032fe09c2e,2026-08-10T08:41:29,470a578,vm,CPython,3.12.3,5,4,1,6,0,,pour,M1,L1,astar_early,,h1,"f,-g,fifo",early,open_u_closed_reopen,False,,,,,,20,42,22,0,2,20,42,4.029899969282269e-05,0.000576033000015741,15.9609375,8,20,0,
d4c4e017fc5648b588ceaf3b873a7b25b360f802,2026-08-10T08:41:29,470a578,vm,CPython,3.12.3,5,4,1,6,0,,pour,M1,L2,astar_early,,h1,"f,-g,fifo",early,open_u_closed_reopen,False,,,,,,20,42,22,0,2,20,42,0.0009947090002242476,0.0014793589998589596,15.9609375,8,20,0,
3f25b80d63fe376c90f1cd70c7f0b2f41276a5c2,2026-08-10T08:41:29,470a578,vm,CPython,3.12.3,5,4,1,6,0,,pour,M1,L3,astar_early,,h1,"f,-g,fifo",early,open_u_closed_reopen,False,,,,,,20,42,22,0,2,20,42,0.01061085900028047,0.011143579999952635,15.96875,8,20,0,
965130433e557b83ec399c8c69cc5b52639c5c80,2026-08-10T08:41:29,470a578,vm,CPython,3.12.3,5,4,1,6,1,,pour,M1,L0,astar_early,,h1,"f,-g,fifo",early,open_u_closed_reopen,False,,,,,,67,132,65,0,10,72,132,7.080400064296555e-05,0.013435356999934811,16.0546875,24,67,0,
5e061bb49e7a27062cf222d17511996e7b4ffa7e,2026-08-10T08:41:29,470a578,vm,CPython,3.12.3,5,4,1,6,1,,pour,M1,L1,astar_early,,h1,"f,-g,fifo",early,open_u_closed_reopen,False,,,,,,51,105,54,0,6,54,105,8.015900243663054e-05,0.0009351259998311434,16.078125,19,51,0,
ae9b4186e30064b0945e5457727b334617a73000,2026-08-10T08:41:29,470a578,vm,CPython,3.12.3,5,4,1,6,1,,pour,M1,L2,astar_early,,h1,"f,-g,fifo",early,open_u_closed_reopen,False,,,,,,51,105,54,0,6,54,105,0.01482857099949797,0.015886283000099866,16.078125,19,51,0,
22bbae5f489d1f04ddd38851d68db73b1d4b358e,2026-08-10T08:41:29,470a578,vm,CPython,3.12.3,5,4,1,6,1,,pour,M1,L3,astar_early,,h1,"f,-g,fifo",early,open_u_closed_reopen,False,,,,,,51,105,54,0,6,54,105,0.0025415289994725754,0.017175443999803974,16.0859375,19,51,0,
2f89f92f0497128595b3ae77a390bf68f388ce5a,2026-08-10T08:41:29,470a578,vm,CPython,3.12.3,5,4,1,6,2,,pour,M1,L0,astar_early,,h1,"f,-g,fifo",early,open_u_closed_reopen,False,,,,,,8,10,2,0,3,8,10,1.0554000482443371e-05,0.00021542599984059052,15.96484375,5,8,0,
775f9a4d959917e803127c98fe800ea029559a4f,2026-08-10T08:41:29,470a578,vm,CPython,3.12.3,5,4,1,6,2,,pour,M1,L1,astar_early,,h1,"f,-g,fifo",early,open_u_closed_reopen,False,,,,,,8,10,2,0,3,8,10,2.1754999579570722e-05,0.0002709039999899687,15.96484375,5,8,0,
36ae1d52cafe05f9d72d0bdc2e5d3d3a0d2ff14f,2026-08-10T08:41:29,470a578,vm,CPython,3.12.3,5,4,1,6,2,,pour,M1,L2,astar_early,,h1,"f,-g,fifo",early,open_u_closed_reopen,False,,,,,,8,10,2,0,3,8,10,0.00034444300035829656,0.0005594880001353886,15.96875,5,8,0,
43693353198098cbb17432f730ad7624fee50194,2026-08-10T08:41:29,470a578,vm,CPython,3.12.3,5,4,1,6,2,,pour,M1,L3,astar_early,,h1,"f,-g,fifo",early,open_u_closed_reopen,False,,,,,,8,10,2,0,3,8,10,0.0003416150002522045,0.0005511459999070212,15.96875,5,8,0,
a4d2a36c5da9dc62455b936b30591d4236a30a12,2026-08-10T08:41:29,470a578,vm,CPython,3.12.3,5,4,1,6,3,,pour,M1,L0,astar_early,,h1,"f,-g,fifo",early,open_u_closed_reopen,False,,,,,,24,34,10,0,6,25,34,1.861499936239852e-05,0.000475953999966805,15.96875,6,24,0,
faf7f6b6e43e373e66a47b060982b98fd85df776,2026-08-10T08:41:29,470a578,vm,CPython,3.12.3,5,4,1,6,3,,pour,M1,L1,astar_early,,h1,"f,-g,fifo",early,open_u_closed_reopen,False,,,,,,24,34,10,0,6,25,34,3.60980004643352e-05,0.0004661089999444812,15.96875,6,24,0,
350b67c578e7667882e540c4c8053213dccdb4db,2026-08-10T08:41:29,470a578,vm,CPython,3.12.3,5,4,1,6,3,,pour,M1,L2,astar_early,,h1,"f,-g,fifo",early,open_u_closed_reopen,False,,,,,,24,34,10,0,6,25,34,0.0009306040001320071,0.0015369679999821528,16.09375,6,24,0,
4f8bfb00097cfb901f9c9ab65b5eeb4c0ff8b050,2026-08-10T08:41:29,470a578,vm,CPython,3.12.3,5,4,1,6,3,,pour,M1,L3,astar_early,,h1,"f,-g,fifo",early,open_u_closed_reopen,False,,,,,,24,34,10,0,6,25,34,0.001061124999750973,0.001598033999925974,16.09375,6,24,0,
61a38dfa4b82ff40bc999dc8cb094998d2de9207,2026-08-10T08:41:29,470a578,vm,CPython,3.12.3,5,4,1,6,4,,pour,M1,L0,astar_early,,h1,"f,-g,fifo",early,open_u_closed_reopen,False,,,,,,23,33,10,0,4,24,33,2.0995000113543938e-05,0.00043781099998341233,15.97265625,8,23,0,
f7cdbafb1f5fe5141894488088bfab54cfaf3c87,2026-08-10T08:41:29,470a578,vm,CPython,3.12.3,5,4,1,6,4,,pour,M1,L1,astar_early,,h1,"f,-g,fifo",early,open_u_closed_reopen,False,,,,,,22,32,10,0,4,23,32,3.368300031070248e-05,0.003985912999951324,15.97265625,8,22,0,
e9f4e89f007b3f14a8d9d7703aad98c1c59f866b,2026-08-10T08:41:29,470a578,vm,CPython,3.12.3,5,4,1,6,4,,pour,M1,L2,astar_early,,h1,"f,-g,fifo",early,open_u_closed_reopen,False,,,,,,22,32,10,0,4,23,32,0.006455163000282482,0.006994517999828531,15.98046875,8,22,0,
9a4a8c57ae0b1d8581af431c2f1e9edcda114d52,2026-08-10T08:41:29,470a578,vm,CPython,3.12.3,5,4,1,6,4,,pour,M1,L3,astar_early,,h1,"f,-g,fifo",early,open_u_closed_reopen,False,,,,,,22,32,10,0,4,23,32,0.005553786999598742,0.006048662000011973,15.984375,8,22,0,
ce6fd1525d3156db4d60ad49d73a6da9fd3f3de1,2026-08-10T08:41:29,470a578,vm,CPython,3.12.3,5,4,1,6,6,,pour,M1,L0,astar_early,,h1,"f,-g,fifo",early,open_u_closed_reopen,False,,,,,,52,83,31,0,5,52,83,4.1194000232280814e-05,0.0009061399998699926,16.109375,13,52,0,
87c3bdd11b662586b40ee34570eef2b0746d0c92,2026-08-10T08:41:29,470a578,vm,CPython,3.12.3,5,4,1,6,6,,pour,M1,L1,astar_early,,h1,"f,-g,fifo",early,open_u_closed_reopen,False,,,,,,40,67,27,0,3,40,67,6.4893999024207e-05,0.0008161020000443386,16.109375,13,40,0,
7855294a59ae2de0347a87e7a119781347924c57,2026-08-10T08:41:29,470a578,vm,CPython,3.12.3,5,4,1,6,6,,pour,M1,L2,astar_early,,h1,"f,-g,fifo",early,open_u_closed_reopen,False,,,,,,40,67,27,0,3,40,67,0.0016847730007611972,0.002582816000085586,15.984375,13,40,0,
729c46e2a37183102b1e2b61c46851cdd2ae7e89,2026-08-10T08:41:29,470a578,vm,CPython,3.12.3,5,4,1,6,6,,pour,M1,L3,astar_early,,h1,"f,-g,fifo",early,open_u_closed_reopen,False,,,,,,40,67,27,0,3,40,67,0.0019699899996794557,0.01176559600003202,16.109375,13,40,0,
a223c8afe1d907ac5fa79fae6d6b2c5f58fdae9a,2026-08-10T08:41:29,470a578,vm,CPython,3.12.3,5,4,1,6,8,,pour,M1,L0,astar_early,,h1,"f,-g,fifo",early,open_u_closed_reopen,False,,,,,,18,24,6,0,4,18,24,1.4709000879520318e-05,0.0003627040000537818,15.984375,7,18,0,
c8998651acc5cf5b869d439d651986c99fcf1006,2026-08-10T08:41:29,470a578,vm,CPython,3.12.3,5,4,1,6,8,,pour,M1,L1,astar_early,,h1,"f,-g,fifo",early,open_u_closed_reopen,False,,,,,,18,24,6,0,4,18,24,2.5342999379063258e-05,0.0004009350000160339,15.984375,7,18,0,
b221ba6745c99bf114360a29993b4dd250bb503e,2026-08-10T08:41:29,470a578,vm,CPython,3.12.3,5,4,1,6,8,,pour,M1,L2,astar_early,,h1,"f,-g,fifo",early,open_u_closed_reopen,False,,,,,,18,24,6,0,4,18,24,0.008750430999953096,0.009136535000152435,15.9921875,7,18,0,
e85df46e9ab42a723616e60478e58e029e480935,2026-08-10T08:41:29,470a578,vm,CPython,3.12.3,5,4,1,6,8,,pour,M1,L3,astar_early,,h1,"f,-g,fifo",early,open_u_closed_reopen,False,,,,,,18,24,6,0,4,18,24,0.0007128490001377941,0.0011109579997992114,15.9921875,7,18,0,
42f97a8ef5e2b15c10a4b7cfe269db2a1a3d3219,2026-08-10T08:41:29,470a578,vm,CPython,3.12.3,5,4,1,6,9,,pour,M1,L0,astar_early,,h1,"f,-g,fifo",early,open_u_closed_reopen,False,,,,,,30,39,9,0,4,30,39,2.0255000663382816e-05,0.0005422369999905641,15.9921875,9,30,0,
3433e07a7905e5beb6939282ea5beca0a7bf86d7,2026-08-10T08:41:29,470a578,vm,CPython,3.12.3,5,4,1,6,9,,pour,M1,L1,astar_early,,h1,"f,-g,fifo",early,open_u_closed_reopen,False,,,,,,30,39,9,0,4,30,39,3.4690999882514006e-05,0.0004941429999689717,15.9921875,9,30,0,
ce647b588c049042a4bd471b1ebe7a5778088164,2026-08-10T08:41:29,470a578,vm,CPython,3.12.3,5,4,1,6,9,,pour,M1,L2,astar_early,,h1,"f,-g,fifo",early,open_u_closed_reopen,False,,,,,,30,39,9,0,4,30,39,0.0011811749993739795,0.009466737999900943,16.00390625,9,30,0,
ba967315d6a427b7c5494d0ca2946ca68e4fd778,2026-08-10T08:41:29,470a578,vm,CPython,3.12.3,5,4,1,6,9,,pour,M1,L3,astar_early,,h1,"f,-g,fifo",early,open_u_closed_reopen,False,,,,,,30,39,9,0,4,30,39,0.0011610070000642736,0.0017465490000176942,16.00390625,9,30,0,
8e9ec7af232d04472f590149251d3245d2ac0ff5,2026-08-10T08:41:29,470a578,vm,CPython,3.12.3,5,4,1,6,10,,pour,M1,L0,astar_early,,h1,"f,-g,fifo",early,open_u_closed_reopen,False,,,,,,20,26,6,0,2,20,26,2.6693000336308614e-05,0.0005147440001564973,16.00390625,7,20,0,
66d90dacfd4965f7572ed79e187ca731bfa7a3a2,2026-08-10T08:41:29,470a578,vm,CPython,3.12.3,5,4,1,6,10,,pour,M1,L1,astar_early,,h1,"f,-g,fifo",early,open_u_closed_reopen,False,,,,,,20,26,6,0,2,20,26,5.014300086259027e-05,0.0006990889999087813,16.00390625,7,20,0,
beb5e812b92ccd1a7d083c4d25ddee162b4b4fcf,2026-08-10T08:41:29,470a578,vm,CPython,3.12.3,5,4,1,6,10,,pour,M1,L2,astar_early,,h1,"f,-g,fifo",early,open_u_closed_reopen,False,,,,,,20,26,6,0,2,20,26,0.010458772999982102,0.010924789000000601,16.00390625,7,20,0,
500a0c806b15d7d014a2992b26f95d9e027b47fe,2026-08-10T08:41:29,470a578,vm,CPython,3.12.3,5,4,1,6,10,,pour,M1,L3,astar_early,,h1,"f,-g,fifo",early,open_u_closed_reopen,False,,,,,,20,26,6,0,2,20,26,0.0007006070004536014,0.001104822999877797,16.00390625,7,20,0,
bc252b2782b3866dddd84d7a29bd9210be1b031d,2026-08-10T08:41:29,470a578,vm,CPython,3.12.3,5,4,1,6,11,,pour,M1,L0,astar_early,,h1,"f,-g,fifo",early,open_u_closed_reopen,False,,,,,,41,80,39,0,6,42,80,3.070899924750847e-05,0.0007294609999917157,16.00390625,13,41,0,
369e1cd0522b11af6d136bb019e58be8261c8902,2026-08-10T08:41:29,470a578,vm,CPython,3.12.3,5,4,1,6,11,,pour,M1,L1,astar_early,,h1,"f,-g,fifo",early,open_u_closed_reopen,False,,,,,,31,60,29,0,5,34,60,5.0832000397349475e-05,0.0005915759998060821,16.00390625,11,31,0,
cc5bd08e430c375c53b3d1a8c4a1632e3f2a3b87,2026-08-10T08:41:29,470a578,vm,CPython,3.12.3,5,4,1,6,11,,pour,M1,L2,astar_early,,h1,"f,-g,fifo",early,open_u_closed_reopen,False,,,,,,31,60,29,0,5,34,60,0.015203376000272328,0.015963183999929242,16.00390625,11,31,0,
92655f7595b431f3e3e5afc7be45ec1f0905e048,2026-08-10T08:41:29,470a578,vm,CPython,3.12.3,5,4,1,6,11,,pour,M1,L3,astar_early,,h1,"f,-g,fifo",early,open_u_closed_reopen,False,,,,,,31,60,29,0,5,34,60,0.001510203999487203,0.016773809000142137,16.00390625,11,31,0,
a588d48da1580942923347f984dcaee293f11f6b,2026-08-10T08:41:29,470a578,vm,CPython,3.12.3,5,4,1,6,12,,pour,M1,L0,astar_early,,h1,"f,-g,fifo",early,open_u_closed_reopen,False,,,,,,23,35,12,0,5,23,35,1.804399948923674e-05,0.0004153709999172861,16.00390625,9,23,0,
d7d076c39d2705411464a3bc8c9ee6f64349fae6,2026-08-10T08:41:29,470a578,vm,CPython,3.12.3,5,4,1,6,12,,pour,M1,L1,astar_early,,h1,"f,-g,fifo",early,open_u_closed_reopen,False,,,,,,19,28,9,0,4,19,28,2.9037999865977326e-05,0.0003655590001017117,16.00390625,6,19,0,
d0bf65470d814c765f609e7d46f1094206f39b70,2026-08-10T08:41:29,470a578,vm,CPython,3.12.3,5,4,1,6,12,,pour,M1,L2,astar_early,,h1,"f,-g,fifo",early,open_u_closed_reopen,False,,,,,,19,28,9,0,4,19,28,0.0006765749999431137,0.0010895249999975931,16.00390625,6,19,0,
231dd2a370919ddb2239142afaa14f0447424a0d,2026-08-10T08:41:29,470a578,vm,CPython,3.12.3,5,4,1,6,12,,pour,M1,L3,astar_early,,h1,"f,-g,fifo",early,open_u_closed_reopen,False,,,,,,19,28,9,0,4,19,28,0.012060832999623017,0.012493127999960052,16.00390625,6,19,0,
ba3f2d4a4358f087f3e875008a12f208c10374fc,2026-08-10T08:41:29,470a578,vm,CPython,3.12.3,5,4,1,6,13,,pour,M1,L0,astar_early,,h1,"f,-g,fifo",early,open_u_closed_reopen,False,,,,,,29,45,16,0,2,29,45,2.8412998517524102e-05,0.000621272999978828,16.00390625,6,29,0,
0bf26eedea0d9ca06413f3129ae9f8d554637ef8,2026-08-10T08:41:29,470a578,vm,CPython,3.12.3,5,4,1,6,13,,pour,M1,L1,astar_early,,h1,"f,-g,fifo",early,open_u_closed_reopen,False,,,,,,29,45,16,0,2,29,45,4.161399988333869e-05,0.0005337570000847336,16.00390625,6,29,0,
6f6fc08fd29f203546d43a466761b07370a325b9,2026-08-10T08:41:29,470a578,vm,CPython,3.12.3,5,4,1,6,13,,pour,M1,L2,astar_early,,h1,"f,-g,fifo",early,open_u_closed_reopen,False,,,,,,29,45,16,0,2,29,45,0.001054839999824253,0.0016403490001266618,16.00390625,6,29,0,
7ba7f54474072e6c51bb9e82e71faf703175a6af,2026-08-10T08:41:29,470a578,vm,CPython,3.12.3,5,4,1,6,13,,pour,M1,L3,astar_early,,h1,"f,-g,fifo",early,open_u_closed_reopen,False,,,,,,29,45,16,0,2,29,45,0.001091055000642882,0.0016773979998561117,16.00390625,6,29,0,
4f1cb5bc5bf5641be1912235f01c20ccafba71b0,2026-08-10T08:41:29,470a578,vm,CPython,3.12.3,5,4,1,6,15,,pour,M1,L0,astar_early,,h1,"f,-g,fifo",early,open_u_closed_reopen,False,,,,,,22,34,12,0,4,23,34,1.868999970611185e-05,0.0004467459998522827,16.00390625,7,22,0,
f90b9ce9b3600666b79f14bf45a6906486a1f71d,2026-08-10T08:41:29,470a578,vm,CPython,3.12.3,5,4,1,6,15,,pour,M1,L1,astar_early,,h1,"f,-g,fifo",early,open_u_closed_reopen,False,,,,,,22,34,12,0,4,23,34,6.987399956415175e-05,0.0037912519999281358,16.00390625,7,22,0,
9508602b9ef27c1b150ebeefa789d4a9ab9c2189,2026-08-10T08:41:29,470a578,vm,CPython,3.12.3,5,4,1,6,15,,pour,M1,L2,astar_early,,h1,"f,-g,fifo",early,open_u_closed_reopen,False,,,,,,22,34,12,0,4,23,34,0.0008544060005988285,0.0013479060000918253,16.00390625,7,22,0,
a7ad981c4b1b052d54f16b93332be9755edc3e7c,2026-08-10T08:41:29,470a578,vm,CPython,3.12.3,5,4,1,6,15,,pour,M1,L3,astar_early,,h1,"f,-g,fifo",early,open_u_closed_reopen,False,,,,,,22,34,12,0,4,23,34,0.007318208000242521,0.007804925999835177,16.00390625,7,22,0,
f253af762e6d0ead67c0bf75de101a9d304fb338,2026-08-10T08:41:29,470a578,vm,CPython,3.12.3,5,4,1,6,16,,pour,M1,L0,astar_early,,h1,"f,-g,fifo",early,open_u_closed_reopen,False,,,,,,18,24,6,0,5,19,24,1.5304999806176056e-05,0.000342607999982647,16.00390625,7,18,0,
f2c75499e4f1ed7a1e887fc13498c200d307ae4c,2026-08-10T08:41:29,470a578,vm,CPython,3.12.3,5,4,1,6,16,,pour,M1,L1,astar_early,,h1,"f,-g,fifo",early,open_u_closed_reopen,False,,,,,,18,24,6,0,5,19,24,2.493099987077585e-05,0.0003502489998936653,16.00390625,7,18,0,
bba9982375127f5fb988abb5417d93aa229fe551,2026-08-10T08:41:29,470a578,vm,CPython,3.12.3,5,4,1,6,16,,pour,M1,L2,astar_early,,h1,"f,-g,fifo",early,open_u_closed_reopen,False,,,,,,18,24,6,0,5,19,24,0.0006254759994135384,0.0010812210000494815,16.00390625,7,18,0,
2823ce23d0654e28bebd53afcce45ecae4e6c727,2026-08-10T08:41:29,470a578,vm,CPython,3.12.3,5,4,1,6,16,,pour,M1,L3,astar_early,,h1,"f,-g,fifo",early,open_u_closed_reopen,False,,,,,,18,24,6,0,5,19,24,0.0006549610002366535,0.0010204659999999421,16.00390625,7,18,0,
0905c1980e6b51183ac125b394797c2bf0aa8438,2026-08-10T08:41:29,470a578,vm,CPython,3.12.3,5,4,1,6,18,,pour,M1,L0,astar_early,,h1,"f,-g,fifo",early,open_u_closed_reopen,False,,,,,,16,20,4,0,3,16,20,1.4083999985814444e-05,0.0003248479999911069,16.00390625,5,16,0,
761fa68a9cd9f630120a67802426cb230c8554f0,2026-08-10T08:41:29,470a578,vm,CPython,3.12.3,5,4,1,6,18,,pour,M1,L1,astar_early,,h1,"f,-g,fifo",early,open_u_closed_reopen,False,,,,,,16,20,4,0,3,16,20,2.2590000298805535e-05,0.00032000999999581836,16.00390625,5,16,0,
cb3a31a3f246bfdb268abf08ae2a30d84ca8093d,2026-08-10T08:41:29,470a578,vm,CPython,3.12.3,5,4,1,6,18,,pour,M1,L2,astar_early,,h1,"f,-g,fifo",early,open_u_closed_reopen,False,,,,,,16,20,4,0,3,16,20,0.0005560720003359165,0.0009066769998753443,16.00390625,5,16,0,
b7060b2c80c00b279ceba4c84dd213d7bfb82c95,2026-08-10T08:41:29,470a578,vm,CPython,3.12.3,5,4,1,6,18,,pour,M1,L3,astar_early,,h1,"f,-g,fifo",early,open_u_closed_reopen,False,,,,,,16,20,4,0,3,16,20,0.0047181860002183384,0.005043561999855228,16.0078125,5,16,0,
9a825f67928853039ad93bf3bf73035decba01ad,2026-08-10T08:41:29,470a578,vm,CPython,3.12.3,5,4,1,6,19,,pour,M1,L0,astar_early,,h1,"f,-g,fifo",early,open_u_closed_reopen,False,,,,,,58,77,19,0,3,60,77,3.4396002320136176e-05,0.009976454000025115,16.1328125,8,58,0,
e50985b0748c9eafd415a4af79c796ee6ae2275e,2026-08-10T08:41:29,470a578,vm,CPython,3.12.3,5,4,1,6,19,,pour,M1,L1,astar_early,,h1,"f,-g,fifo",early,open_u_closed_reopen,False,,,,,,58,77,19,0,3,60,77,8.671100113133434e-05,0.001222214000108579,16.1328125,8,58,0,
459f0924efe04ac21cbe7b491a30c2aac3329a22,2026-08-10T08:41:29,470a578,vm,CPython,3.12.3,5,4,1,6,19,,pour,M1,L2,astar_early,,h1,"f,-g,fifo",early,open_u_closed_reopen,False,,,,,,57,76,19,0,3,59,76,0.015603027000679504,0.016652673999942635,16.1328125,8,57,0,
3b4d147e6a192be60681fb0e3bba9d59c352ae4e,2026-08-10T08:41:29,470a578,vm,CPython,3.12.3,5,4,1,6,19,,pour,M1,L3,astar_early,,h1,"f,-g,fifo",early,open_u_closed_reopen,False,,,,,,57,76,19,0,3,59,76,0.009711020999930042,0.021257936999973026,16.1328125,8,57,0,
3ef9e4a76314970c1f4c277448a900aa54e0e3eb,2026-08-10T08:41:29,470a578,vm,CPython,3.12.3,5,4,1,6,21,,pour,M1,L0,astar_early,,h1,"f,-g,fifo",early,open_u_closed_reopen,False,,,,,,41,69,28,0,9,44,69,2.8413000336513505e-05,0.0006783090000226366,16.0078125,9,41,0,
90b94217a88acf42db77b2dd12360f6b69109a73,2026-08-10T08:41:30,470a578,vm,CPython,3.12.3,5,4,1,6,21,,pour,M1,L1,astar_early,,h1,"f,-g,fifo",early,open_u_closed_reopen,False,,,,,,41,69,28,0,9,44,69,5.442400060928776e-05,0.0006800480000492826,16.0078125,9,41,0,
66fc832ba677c51b73fd4743ed517805a108b526,2026-08-10T08:41:30,470a578,vm,CPython,3.12.3,5,4,1,6,21,,pour,M1,L2,astar_early,,h1,"f,-g,fifo",early,open_u_closed_reopen,False,,,,,,41,69,28,0,9,44,69,0.001746467000884877,0.020224792999897545,16.0078125,9,41,0,
4d3d58ecaed0a89b56846c16e2f890d826e6205a,2026-08-10T08:41:30,470a578,vm,CPython,3.12.3,5,4,1,6,21,,pour,M1,L3,astar_early,,h1,"f,-g,fifo",early,open_u_closed_reopen,False,,,,,,41,69,28,0,9,44,69,0.013105064000455968,0.013899840000021868,16.0078125,9,41,0,
de79e2a22d544aa3e1c64b59aaca2f4d56a0ad7f,2026-08-10T08:41:30,470a578,vm,CPython,3.12.3,5,4,1,6,23,,pour,M1,L0,astar_early,,h1,"f,-g,fifo",early,open_u_closed_reopen,False,,,,,,26,37,11,0,4,26,37,1.9951000467699487e-05,0.0004840240001158236,16.0078125,6,26,0,
3d622759847f76b8acf51925c2ce4062621a4d42,2026-08-10T08:41:30,470a578,vm,CPython,3.12.3,5,4,1,6,23,,pour,M1,L1,astar_early,,h1,"f,-g,fifo",early,open_u_closed_reopen,False,,,,,,26,37,11,0,4,26,37,4.0156000295610284e-05,0.010097217000065939,16.0078125,6,26,0,
4764b43391c6259eb8efdf0423f6bc26e480677e,2026-08-10T08:41:30,470a578,vm,CPython,3.12.3,5,4,1,6,23,,pour,M1,L2,astar_early,,h1,"f,-g,fifo",early,open_u_closed_reopen,False,,,,,,26,37,11,0,4,26,37,0.0008494680005242117,0.0013603699999293895,16.0078125,6,26,0,
9ff46c8b7c0b80c2ecd2801c7544628d319cedc1,2026-08-10T08:41:30,470a578,vm,CPython,3.12.3,5,4,1,6,23,,pour,M1,L3,astar_early,,h1,"f,-g,fifo",early,open_u_closed_reopen,False,,,,,,26,37,11,0,4,26,37,0.009297928999785654,0.009844748999967123,16.0078125,6,26,0,
289f69279232e8b25c92a1fea96c096957d999e1,2026-08-10T08:41:30,470a578,vm,CPython,3.12.3,5,4,1,6,24,,pour,M1,L0,astar_early,,h1,"f,-g,fifo",early,open_u_closed_reopen,False,,,,,,79,149,70,0,7,87,149,5.4260000979411416e-05,0.0013177390001146705,16.1328125,26,79,0,
8fb9c546b6978adaa5a7fa3098326f6bf92ccb17,2026-08-10T08:41:30,470a578,vm,CPython,3.12.3,5,4,1,6,24,,pour,M1,L1,astar_early,,h1,"f,-g,fifo",early,open_u_closed_reopen,False,,,,,,79,149,70,0,7,87,149,0.00011265499961155001,0.0013518670000394195,16.1328125,26,79,0,
c21dbd32d349406498482fa231cc09db9606d81b,2026-08-10T08:41:30,470a578,vm,CPython,3.12.3,5,4,1,6,24,,pour,M1,L2,astar_early,,h1,"f,-g,fifo",early,open_u_closed_reopen,False,,,,,,79,149,70,0,7,87,149,0.016862660999549917,0.023869861000093806,16.1328125,26,79,0,
1306cf689e4ef7dea3dda7c3755730bbdf758cc4,2026-08-10T08:41:30,470a578,vm,CPython,3.12.3,5,4,1,6,24,,pour,M1,L3,astar_early,,h1,"f,-g,fifo",early,open_u_closed_reopen,False,,,,,,79,149,70,0,7,87,149,0.008924513000465595,0.022300379999933284,16.1328125,26,79,0,
9d93e72b936356f810aa4d1cc38be8cbab7af584,2026-08-10T08:41:30,470a578,vm,CPython,3.12.3,5,4,1,6,25,,pour,M1,L0,astar_early,,h1,"f,-g,fifo",early,open_u_closed_reopen,False,,,,,,79,136,57,0,13,81,136,4.8484998387721134e-05,0.0012075089998688782,16.1328125,12,79,0,
45e224093fa93955907abcb82fea1af8dbcea1d9,2026-08-10T08:41:30,470a578,vm,CPython,3.12.3,5,4,1,6,25,,pour,M1,L1,astar_early,,h1,"f,-g,fifo",early,open_u_closed_reopen,False,,,,,,70,123,53,0,11,72,123,9.929300176736433e-05,0.0011544789999788918,16.1328125,12,70,0,
deb2e859882017f2209493b83aa5760f377fe3a7,2026-08-10T08:41:30,470a578,vm,CPython,3.12.3,5,4,1,6,25,,pour,M1,L2,astar_early,,h1,"f,-g,fifo",early,open_u_closed_reopen,False,,,,,,70,123,53,0,11,72,123,0.002852018001021861,0.012310215000070457,16.1328125,12,70,0,
90f8ee7bad82dd46b2fb2cf5d9ac3ba6c0aaf9c9,2026-08-10T08:41:30,470a578,vm,CPython,3.12.3,5,4,1,6,25,,pour,M1,L3,astar_early,,h1,"f,-g,fifo",early,open_u_closed_reopen,False,,,,,,70,123,53,0,11,72,123,0.010523390998059767,0.011943428999984462,16.1328125,12,70,0,
f48d005a0e803940eb41c20788c281ee83a56a56,2026-08-10T08:41:30,470a578,vm,CPython,3.12.3,5,4,1,6,26,,pour,M1,L0,astar_early,,h1,"f,-g,fifo",early,open_u_closed_reopen,False,,,,,,16,26,10,0,2,16,26,1.5978000192262698e-05,0.0003769229999761592,16.0078125,7,16,0,
2d62f176a5e4e2de26e7d762a05091f6371ab62f,2026-08-10T08:41:30,470a578,vm,CPython,3.12.3,5,4,1,6,26,,pour,M1,L1,astar_early,,h1,"f,-g,fifo",early,open_u_closed_reopen,False,,,,,,16,26,10,0,2,16,26,2.7125999167765258e-05,0.0003503469999941444,16.0078125,7,16,0,
d06cfac41d2519d413cd21207d8f526b47273d38,2026-08-10T08:41:30,470a578,vm,CPython,3.12.3,5,4,1,6,26,,pour,M1,L2,astar_early,,h1,"f,-g,fifo",early,open_u_closed_reopen,False,,,,,,16,26,10,0,2,16,26,0.010156787999903827,0.010566201000074216,16.0078125,7,16,0,
ef0423d77b9dd75d90488326f64855ac92c3a2d2,2026-08-10T08:41:30,470a578,vm,CPython,3.12.3,5,4,1,6,26,,pour,M1,L3,astar_early,,h1,"f,-g,fifo",early,open_u_closed_reopen,False,,,,,,16,26,10,0,2,16,26,0.0006759210000382154,0.001026977999799783,16.0078125,7,16,0,
3c426cd8394cdf1852625195005d0263a7a99f00,2026-08-10T08:41:30,470a578,vm,CPython,3.12.3,5,4,1,6,27,,pour,M1,L0,astar_early,,h1,"f,-g,fifo",early,open_u_closed_reopen,False,,,,,,30,43,13,0,4,30,43,1.985900030376797e-05,0.000483530000110477,16.0078125,9,30,0,
ff708c18770d2278274c6ea6644eb747fa9165e3,2026-08-10T08:41:30,470a578,vm,CPython,3.12.3,5,4,1,6,27,,pour,M1,L1,astar_early,,h1,"f,-g,fifo",early,open_u_closed_reopen,False,,,,,,30,43,13,0,4,30,43,3.67539996659616e-05,0.0005042660000071919,16.0078125,9,30,0,
49e8706107efe963edba572ffaad68c8e78b8a2e,2026-08-10T08:41:30,470a578,vm,CPython,3.12.3,5,4,1,6,27,,pour,M1,L2,astar_early,,h1,"f,-g,fifo",early,open_u_closed_reopen,False,,,,,,30,43,13,0,4,30,43,0.0009744450001107907,0.001589976999866849,16.0078125,9,30,0,
97a9246a7c72ffbf205e51b905009f027336a91b,2026-08-10T08:41:30,470a578,vm,CPython,3.12.3,5,4,1,6,27,,pour,M1,L3,astar_early,,h1,"f,-g,fifo",early,open_u_closed_reopen,False,,,,,,30,43,13,0,4,30,43,0.0010251190008148114,0.0016262149999874964,16.0078125,9,30,0,
97b714f91c5c11565bc11c4d654dfd1b5aed25e0,2026-08-10T08:41:30,470a578,vm,CPython,3.12.3,5,4,1,6,28,,pour,M1,L0,astar_early,,h1,"f,-g,fifo",early,open_u_closed_reopen,False,,,,,,93,163,70,0,7,98,163,5.77239986796485e-05,0.0014494370000193157,16.1328125,21,93,0,
5f96e3c389224287ba3a277e749a6f95af77a978,2026-08-10T08:41:30,470a578,vm,CPython,3.12.3,5,4,1,6,28,,pour,M1,L1,astar_early,,h1,"f,-g,fifo",early,open_u_closed_reopen,False,,,,,,81,145,64,0,6,86,145,0.00010874299937313481,0.002053055000033055,16.1328125,20,81,0,
3c5a76a0ea0b982b4a6068bbf0fc48b01d062bac,2026-08-10T08:41:30,470a578,vm,CPython,3.12.3,5,4,1,6,28,,pour,M1,L2,astar_early,,h1,"f,-g,fifo",early,open_u_closed_reopen,False,,,,,,81,145,64,0,6,86,145,0.014694633999624784,0.0283788540000387,16.1328125,20,81,0,
d8e071aa99629a2717a3d364dd6bf400ef46bd78,2026-08-10T08:41:30,470a578,vm,CPython,3.12.3,5,4,1,6,28,,pour,M1,L3,astar_early,,h1,"f,-g,fifo",early,open_u_closed_reopen,False,,,,,,81,145,64,0,6,86,145,0.01935325500107865,0.020980655999892406,16.1328125,20,81,0,
7107cc34c52e82d3d6ae6191554698549eff286e,2026-08-10T08:41:30,470a578,vm,CPython,3.12.3,5,4,1,6,30,,pour,M1,L0,astar_early,,h1,"f,-g,fifo",early,open_u_closed_reopen,False,,,,,,25,37,12,0,6,26,37,1.8489999774828902e-05,0.00046901199993953924,16.0078125,5,25,0,
305ed1cc71fe1581543dfcd88375baa6a12a856c,2026-08-10T08:41:30,470a578,vm,CPython,3.12.3,5,4,1,6,30,,pour,M1,L1,astar_early,,h1,"f,-g,fifo",early,open_u_closed_reopen,False,,,,,,24,37,13,0,5,25,37,3.3089000226027565e-05,0.0004377699999622564,16.0078125,5,24,0,
5ea9b99ba40c37ecf4d76f25414c5b871941b9ca,2026-08-10T08:41:30,470a578,vm,CPython,3.12.3,5,4,1,6,30,,pour,M1,L2,astar_early,,h1,"f,-g,fifo",early,open_u_closed_reopen,False,,,,,,24,37,13,0,5,25,37,0.0008882499987521442,0.0013558210000610416,16.0078125,5,24,0,
57291adbda453b4c9ef2087a1595a95a2fd80823,2026-08-10T08:41:30,470a578,vm,CPython,3.12.3,5,4,1,6,30,,pour,M1,L3,astar_early,,h1,"f,-g,fifo",early,open_u_closed_reopen,False,,,,,,24,37,13,0,5,25,37,0.0008938630001011916,0.001367336000157593,16.0078125,5,24,0,
08533aed21b56745945229aa10801d305a8aab41,2026-08-10T08:41:30,470a578,vm,CPython,3.12.3,5,4,1,6,31,,pour,M1,L0,astar_early,,h1,"f,-g,fifo",early,open_u_closed_reopen,False,,,,,,22,31,9,0,5,23,31,1.746199950503069e-05,0.00044011499994667247,16.0078125,6,22,0,
300f2eb6254d7d0b9b38e9075c91a3261fbfb185,2026-08-10T08:41:30,470a578,vm,CPython,3.12.3,5,4,1,6,31,,pour,M1,L1,astar_early,,h1,"f,-g,fifo",early,open_u_closed_reopen,False,,,,,,22,31,9,0,5,23,31,3.362599977663194e-05,0.0004410210001424275,16.0078125,6,22,0,
7d3aa0fb43510eceb8b6f33bf2e5fb63d7f4008c,2026-08-10T08:41:30,470a578,vm,CPython,3.12.3,5,4,1,6,31,,pour,M1,L2,astar_early,,h1,"f,-g,fifo",early,open_u_closed_reopen,False,,,,,,22,31,9,0,5,23,31,0.012615709998954117,0.013064803000133907,16.0078125,6,22,0,
2e4f91b5de8d3370945d6f798b3c0e00c4cf74a4,2026-08-10T08:41:30,470a578,vm,CPython,3.12.3,5,4,1,6,31,,pour,M1,L3,astar_early,,h1,"f,-g,fifo",early,open_u_closed_reopen,False,,,,,,22,31,9,0,5,23,31,0.0007924480003111967,0.0012165900000127294,16.0078125,6,22,0,
ad7285fc1e1f5266ceb09326084e170bdf1eac8d,2026-08-10T08:41:30,470a578,vm,CPython,3.12.3,5,4,1,6,32,,pour,M1,L0,astar_early,,h1,"f,-g,fifo",early,open_u_closed_reopen,False,,,,,,39,60,21,0,4,40,60,2.467499962222064e-05,0.000631584000075236,16.0078125,11,39,0,
890446a7f19da3bec455d826db4ef9ff72849a29,2026-08-10T08:41:30,470a578,vm,CPython,3.12.3,5,4,1,6,32,,pour,M1,L1,astar_early,,h1,"f,-g,fifo",early,open_u_closed_reopen,False,,,,,,35,55,20,0,4,36,55,4.386200043882127e-05,0.0005789580000055139,16.0078125,8,35,0,
56251c41af459ba8cfcfe293b7dc8ec4127fd27d,2026-08-10T08:41:30,470a578,vm,CPython,3.12.3,5,4,1,6,32,,pour,M1,L2,astar_early,,h1,"f,-g,fifo",early,open_u_closed_reopen,False,,,,,,35,55,20,0,4,36,55,0.007195123000656167,0.007956801000091218,16.0078125,8,35,0,
607154c13f9164be613abf17fa2755789eeccd13,2026-08-10T08:41:30,470a578,vm,CPython,3.12.3,5,4,1,6,32,,pour,M1,L3,astar_early,,h1,"f,-g,fifo",early,open_u_closed_reopen,False,,,,,,35,55,20,0,4,36,55,0.009519700000282683,0.010230854999917938,16.0078125,8,35,0,
e51ab499662ab90c684b339f2902aba02ba1170f,2026-08-10T08:41:30,470a578,vm,CPython,3.12.3,5,4,1,6,33,,pour,M1,L0,astar_early,,h1,"f,-g,fifo",early,open_u_closed_reopen,False,,,,,,29,47,18,0,5,32,47,2.1453999579534866e-05,0.0005401830001119379,16.0078125,12,29,0,
ae3aea409fc117e024021f3caefa44c8643ea079,2026-08-10T08:41:30,470a578,vm,CPython,3.12.3,5,4,1,6,33,,pour,M1,L1,astar_early,,h1,"f,-g,fifo",early,open_u_closed_reopen,False,,,,,,29,47,18,0,5,32,47,4.155999840804725e-05,0.0005268800000521878,16.0078125,12,29,0,
9f950b0e3449b33f8b4bfc369cd1de260fe368cb,2026-08-10T08:41:30,470a578,vm,CPython,3.12.3,5,4,1,6,33,,pour,M1,L2,astar_early,,h1,"f,-g,fifo",early,open_u_closed_reopen,False,,,,,,29,47,18,0,5,32,47,0.0011371849993793148,0.0017483279998486978,16.0078125,12,29,0,
cf7e9624cf49a9522e511013fbd014b5728260d7,2026-08-10T08:41:30,470a578,vm,CPython,3.12.3,5,4,1,6,33,,pour,M1,L3,astar_early,,h1,"f,-g,fifo",early,open_u_closed_reopen,False,,,,,,29,47,18,0,5,32,47,0.0011600279995036544,0.001760543999807851,16.0078125,12,29,0,
8cda191a7493e0c0907b8f9f7d4678b9f2c0a973,2026-08-10T08:41:30,470a578,vm,CPython,3.12.3,5,4,1,6,34,,pour,M1,L0,astar_early,,h1,"f,-g,fifo",early,open_u_closed_reopen,False,,,,,,122,252,130,0,12,126,252,0.00010253499931422994,0.006088308000016696,16.1328125,19,122,0,
15d18c7008a67aca1f8f99a7aae84e03fb083aeb,2026-08-10T08:41:30,470a578,vm,CPython,3.12.3,5,4,1,6,34,,pour,M1,L1,astar_early,,h1,"f,-g,fifo",early,open_u_closed_reopen,False,,,,,,72,157,85,0,6,76,157,0.00011170799939463905,0.001281883000046946,16.1328125,19,72,0,
d7dffdb37c0ff4db7f22dfda6271d6658c9178c0,2026-08-10T08:41:30,470a578,vm,CPython,3.12.3,5,4,1,6,34,,pour,M1,L2,astar_early,,h1,"f,-g,fifo",early,open_u_closed_reopen,False,,,,,,72,157,85,0,6,76,157,0.012207466000745626,0.013819162000118013,16.1328125,19,72,0,
a16e02db4cbe2b30e390fcdc3bba48a72984e246,2026-08-10T08:41:30,470a578,vm,CPython,3.12.3,5,4,1,6,34,,pour,M1,L3,astar_early,,h1,"f,-g,fifo",early,open_u_closed_reopen,False,,,,,,72,157,85,0,6,76,157,0.018263790999526464,0.01989688699995895,16.1328125,19,72,0,
6c2396c25dfa729ca99e2021023f8e3348f1e934,2026-08-10T08:41:30,470a578,vm,CPython,3.12.3,5,4,1,6,36,,pour,M1,L0,astar_early,,h1,"f,-g,fifo",early,open_u_closed_reopen,False,,,,,,19,25,6,0,3,19,25,1.5675999520681216e-05,0.00038048600004003674,16.0078125,7,19,0,
0f4d34eabb5cd21eb1120fe7c25c456b7d880c60,2026-08-10T08:41:30,470a578,vm,CPython,3.12.3,5,4,1,6,36,,pour,M1,L1,astar_early,,h1,"f,-g,fifo",early,open_u_closed_reopen,False,,,,,,19,25,6,0,3,19,25,3.091799976573384e-05,0.0003667989999485144,16.0078125,7,19,0,
43696eb6e6c9e6c55c397a9919371f426d237677,2026-08-10T08:41:30,470a578,vm,CPython,3.12.3,5,4,1,6,36,,pour,M1,L2,astar_early,,h1,"f,-g,fifo",early,open_u_closed_reopen,False,,,,,,19,25,6,0,3,19,25,0.007099564999634822,0.007547867000084807,16.0078125,7,19,0,
e293f8baff68320d0d81f42f8f7f1e66cc678c76,2026-08-10T08:41:30,470a578,vm,CPython,3.12.3,5,4,1,6,36,,pour,M1,L3,astar_early,,h1,"f,-g,fifo",early,open_u_closed_reopen,False,,,,,,19,25,6,0,3,19,25,0.0006298210003023996,0.0010203639999417646,16.0078125,7,19,0,
cabde9cdfd1b129528570777e4b6d2ec55fe3c5d,2026-08-10T08:41:30,470a578,vm,CPython,3.12.3,5,4,1,6,37,,pour,M1,L0,astar_early,,h1,"f,-g,fifo",early,open_u_closed_reopen,False,,,,,,12,18,6,0,2,12,18,1.330000009147625e-05,0.0002675929999895743,16.0078125,5,12,0,
397a67eba5870ac771c9bca56b82154aae8fc4d3,2026-08-10T08:41:30,470a578,vm,CPython,3.12.3,5,4,1,6,37,,pour,M1,L1,astar_early,,h1,"f,-g,fifo",early,open_u_closed_reopen,False,,,,,,12,18,6,0,2,12,18,5.223100015427917e-05,0.0003185579998898902,16.0078125,5,12,0,
e569f863e09c0d6aa229c51ec57b7d5fb4f92492,2026-08-10T08:41:30,470a578,vm,CPython,3.12.3,5,4,1,6,37,,pour,M1,L2,astar_early,,h1,"f,-g,fifo",early,open_u_closed_reopen,False,,,,,,12,18,6,0,2,12,18,0.0005091699997592514,0.0007994689999577531,16.0078125,5,12,0,
634ca7be62d623ac87ba20c501897deca8f558e8,2026-08-10T08:41:30,470a578,vm,CPython,3.12.3,5,4,1,6,37,,pour,M1,L3,astar_early,,h1,"f,-g,fifo",early,open_u_closed_reopen,False,,,,,,12,18,6,0,2,12,18,0.0005362029996831552,0.0008135330001550756,16.0078125,5,12,0,
ce39e3da08966b3d7c743215f5e59cab0716b4b1,2026-08-10T08:41:30,470a578,vm,CPython,3.12.3,5,4,1,6,38,,pour,M1,L0,astar_early,,h1,"f,-g,fifo",early,open_u_closed_reopen,False,,,,,,36,49,13,0,3,36,49,2.2926999008632265e-05,0.000650595000024623,16.0078125,10,36,0,
96a7cab2412cad612795156518aab9b2dd0675ff,2026-08-10T08:41:30,470a578,vm,CPython,3.12.3,5,4,1,6,38,,pour,M1,L1,astar_early,,h1,"f,-g,fifo",early,open_u_closed_reopen,False,,,,,,35,48,13,0,3,35,48,4.224999975122046e-05,0.0006180069999572879,16.0078125,9,35,0,
39430ed32ce269eb1fc2a4cd481e383ee179af83,2026-08-10T08:41:30,470a578,vm,CPython,3.12.3,5,4,1,6,38,,pour,M1,L2,astar_early,,h1,"f,-g,fifo",early,open_u_closed_reopen,False,,,,,,34,47,13,0,3,34,47,0.0011664380001548125,0.0017825649999849702,16.0078125,8,34,0,
56d82c72a36bb826ce6ecca7379e0fbb59936888,2026-08-10T08:41:30,470a578,vm,CPython,3.12.3,5,4,1,6,38,,pour,M1,L3,astar_early,,h1,"f,-g,fifo",early,open_u_closed_reopen,False,,,,,,34,47,13,0,3,34,47,0.0013358240000798105,0.010152168000104211,16.0078125,8,34,0,
993f3a457a35b636a96e5dd9f90e3fd5e1949c5e,2026-08-10T08:41:30,470a578,vm,CPython,3.12.3,5,4,1,6,39,,pour,M1,L0,astar_early,,h1,"f,-g,fifo",early,open_u_closed_reopen,False,,,,,,22,27,5,0,7,23,27,4.324400015320862e-05,0.00041770799998630537,16.0078125,8,22,0,
a5395047cb3fcc7d9d0c8b19b6fa5b24b57a0a04,2026-08-10T08:41:30,470a578,vm,CPython,3.12.3,5,4,1,6,39,,pour,M1,L1,astar_early,,h1,"f,-g,fifo",early,open_u_closed_reopen,False,,,,,,22,27,5,0,7,23,27,5.74159992083878e-05,0.00043835299993588706,16.0078125,8,22,0,
f12cd6c1d054efdbe1a5ea3dfd81094c314d42c8,2026-08-10T08:41:30,470a578,vm,CPython,3.12.3,5,4,1,6,39,,pour,M1,L2,astar_early,,h1,"f,-g,fifo",early,open_u_closed_reopen,False,,,,,,22,27,5,0,7,23,27,0.002453107999826898,0.0029499060001398902,16.0078125,8,22,0,
34dbb5a16b61f61c30593385e94538b1c75b7f30,2026-08-10T08:41:30,470a578,vm,CPython,3.12.3,5,4,1,6,39,,pour,M1,L3,astar_early,,h1,"f,-g,fifo",early,open_u_closed_reopen,False,,,,,,22,27,5,0,7,23,27,0.0007024440010354738,0.0011445100001310493,16.0078125,8,22,0,
1e35279178e04af624d206bc222547558d33ffde,2026-08-10T08:41:30,470a578,vm,CPython,3.12.3,5,4,1,6,40,,pour,M1,L0,astar_early,,h1,"f,-g,fifo",early,open_u_closed_reopen,False,,,,,,24,41,17,0,6,26,41,1.9829999473586213e-05,0.00047934400004123745,16.0078125,8,24,0,
ac20d5624d63b7ccf60a3125566466c3e1e7054a,2026-08-10T08:41:30,470a578,vm,CPython,3.12.3,5,4,1,6,40,,pour,M1,L1,astar_early,,h1,"f,-g,fifo",early,open_u_closed_reopen,False,,,,,,24,41,17,0,6,26,41,4.178999938631023e-05,0.0026205149999896094,16.0078125,8,24,0,
3ea3390eefca982794f362fee21586b08089ec12,2026-08-10T08:41:30,470a578,vm,CPython,3.12.3,5,4,1,6,40,,pour,M1,L2,astar_early,,h1,"f,-g,fifo",early,open_u_closed_reopen,False,,,,,,24,41,17,0,6,26,41,0.01022164300024997,0.010748136999836788,16.0078125,8,24,0,
e0e86631f17b3d31883eb9c43d16d171e3c2fc3b,2026-08-10T08:41:30,470a578,vm,CPython,3.12.3,5,4,1,6,40,,pour,M1,L3,astar_early,,h1,"f,-g,fifo",early,open_u_closed_reopen,False,,,,,,24,41,17,0,6,26,41,0.008061669000881011,0.008573293999916132,16.0078125,8,24,0,
a0d11c74d6384a9e569ab2211bfa9151401ca245,2026-08-10T08:41:30,470a578,vm,CPython,3.12.3,5,4,1,6,41,,pour,M1,L0,astar_early,,h1,"f,-g,fifo",early,open_u_closed_reopen,False,,,,,,43,80,37,0,5,44,80,3.210599948033632e-05,0.0007501439999941795,16.0078125,13,43,0,
a84b57f3d4c6c8909f2334210be11310d7033210,2026-08-10T08:41:30,470a578,vm,CPython,3.12.3,5,4,1,6,41,,pour,M1,L1,astar_early,,h1,"f,-g,fifo",early,open_u_closed_reopen,False,,,,,,43,80,37,0,5,44,80,6.138600019767182e-05,0.0007493900000099529,16.0078125,13,43,0,
e40cee4dd2ee9eec14d4f9f9a26dbc49d7628018,2026-08-10T08:41:30,470a578,vm,CPython,3.12.3,5,4,1,6,41,,pour,M1,L2,astar_early,,h1,"f,-g,fifo",early,open_u_closed_reopen,False,,,,,,43,80,37,0,5,44,80,0.0017629719991418824,0.0026303469999220397,16.0078125,13,43,0,
d50df8597565e0f216acb8257e6fb148a94b30d0,2026-08-10T08:41:30,470a578,vm,CPython,3.12.3,5,4,1,6,41,,pour,M1,L3,astar_early,,h1,"f,-g,fifo",early,open_u_closed_reopen,False,,,,,,43,80,37,0,5,44,80,0.01762562400108436,0.018476346999932503,16.0078125,13,43,0,
fd8bdea8de6d5475edcaf41007ea2bb6763a2fda,2026-08-10T08:41:30,470a578,vm,CPython,3.12.3,5,4,1,6,42,,pour,M1,L0,astar_early,,h1,"f,-g,fifo",early,open_u_closed_reopen,False,,,,,,48,62,14,0,8,48,62,2.6526999590714695e-05,0.0007428880001043581,16.0078125,10,48,0,
c91d8293b710fd4ede48156f2d6cc23fbe12e934,2026-08-10T08:41:30,470a578,vm,CPython,3.12.3,5,4,1,6,42,,pour,M1,L1,astar_early,,h1,"f,-g,fifo",early,open_u_closed_reopen,False,,,,,,34,45,11,0,6,34,45,4.165199948147347e-05,0.0005781070001376065,16.0078125,8,34,0,
7a4bf2a7cab73219df675430deeee116e01ed79d,2026-08-10T08:41:30,470a578,vm,CPython,3.12.3,5,4,1,6,42,,pour,M1,L2,astar_early,,h1,"f,-g,fifo",early,open_u_closed_reopen,False,,,,,,34,45,11,0,6,34,45,0.0010890059995745105,0.0016986499999802618,16.0078125,8,34,0,
d4b402a7cd092e9eb963f9f0463e378a31128461,2026-08-10T08:41:30,470a578,vm,CPython,3.12.3,5,4,1,6,42,,pour,M1,L3,astar_early,,h1,"f,-g,fifo",early,open_u_closed_reopen,False,,,,,,34,45,11,0,6,34,45,0.001234502000215798,0.0018593409999994037,16.0078125,8,34,0,
dcd072bbade333f105650346594b7f32e4e0f7bb,2026-08-10T08:41:30,470a578,vm,CPython,3.12.3,5,4,1,6,43,,pour,M1,L0,astar_early,,h1,"f,-g,fifo",early,open_u_closed_reopen,False,,,,,,53,109,56,0,6,53,109,3.9434000882465625e-05,0.0009082619999389863,16.0078125,16,53,0,
a5aab6f9789f506c16872fe131e5a76a14e522b8,2026-08-10T08:41:30,470a578,vm,CPython,3.12.3,5,4,1,6,43,,pour,M1,L1,astar_early,,h1,"f,-g,fifo",early,open_u_closed_reopen,False,,,,,,42,91,49,0,4,42,91,7.0287998596541e-05,0.0064411790001486224,16.0078125,16,42,0,
c5c6c304a9f6ca25a1a1f34c68634c966f699ef1,2026-08-10T08:41:30,470a578,vm,CPython,3.12.3,5,4,1,6,43,,pour,M1,L2,astar_early,,h1,"f,-g,fifo",early,open_u_closed_reopen,False,,,,,,42,91,49,0,4,42,91,0.0021154979981474753,0.012414058000103978,16.0078125,16,42,0,
22ee85bde34eeca1c279def921b8eb157d8b5e76,2026-08-10T08:41:30,470a578,vm,CPython,3.12.3,5,4,1,6,43,,pour,M1,L3,astar_early,,h1,"f,-g,fifo",early,open_u_closed_reopen,False,,,,,,42,91,49,0,4,42,91,0.016498846001923084,0.0176178730000629,16.0078125,16,42,0,
7d48cb81c91e1e6e40106971b0e1de8d6cd274eb,2026-08-10T08:41:30,470a578,vm,CPython,3.12.3,5,4,1,6,44,,pour,M1,L0,astar_early,,h1,"f,-g,fifo",early,open_u_closed_reopen,False,,,,,,12,19,7,0,3,12,19,1.2987000218345202e-05,0.0003119749999314081,16.0078125,7,12,0,
94c34bc6e3b82d2a9db47732cb05a972fb234825,2026-08-10T08:41:30,470a578,vm,CPython,3.12.3,5,4,1,6,44,,pour,M1,L1,astar_early,,h1,"f,-g,fifo",early,open_u_closed_reopen,False,,,,,,12,19,7,0,3,12,19,2.2160000071380637e-05,0.00026773300010063394,16.0078125,7,12,0,
948caff15bcf5bf7a87775e28fb096a5f0a55eed,2026-08-10T08:41:30,470a578,vm,CPython,3.12.3,5,4,1,6,44,,pour,M1,L2,astar_early,,h1,"f,-g,fifo",early,open_u_closed_reopen,False,,,,,,12,19,7,0,3,12,19,0.0005542440003409865,0.0008868469999470108,16.0078125,7,12,0,
4329fc53e47f2f6530283baefab052601d0e784a,2026-08-10T08:41:30,470a578,vm,CPython,3.12.3,5,4,1,6,44,,pour,M1,L3,astar_early,,h1,"f,-g,fifo",early,open_u_closed_reopen,False,,,,,,12,19,7,0,3,12,19,0.0005379150002227107,0.0008284550001462776,16.0078125,7,12,0,
626899265d192eea24fdd833d2dd529497c907d9,2026-08-10T08:41:30,470a578,vm,CPython,3.12.3,5,4,1,6,45,,pour,M1,L0,astar_early,,h1,"f,-g,fifo",early,open_u_closed_reopen,False,,,,,,14,17,3,0,3,14,17,1.2637999816433876e-05,0.0003132419999474223,16.0078125,5,14,0,
6733870a97c8b7dc5dd7e0af4fdc7572271181ef,2026-08-10T08:41:30,470a578,vm,CPython,3.12.3,5,4,1,6,45,,pour,M1,L1,astar_early,,h1,"f,-g,fifo",early,open_u_closed_reopen,False,,,,,,14,17,3,0,3,14,17,2.133299972228997e-05,0.0003111200001058023,16.0078125,5,14,0,
e3ca57a84f36a592bc4535d52c4fbfd061d22222,2026-08-10T08:41:30,470a578,vm,CPython,3.12.3,5,4,1,6,45,,pour,M1,L2,astar_early,,h1,"f,-g,fifo",early,open_u_closed_reopen,False,,,,,,14,17,3,0,3,14,17,0.0004598840000653581,0.0007817639998393133,16.0078125,5,14,0,
f46e3d1f7e4f2bf945851ca976afc420120dd18a,2026-08-10T08:41:30,470a578,vm,CPython,3.12.3,5,4,1,6,45,,pour,M1,L3,astar_early,,h1,"f,-g,fifo",early,open_u_closed_reopen,False,,,,,,14,17,3,0,3,14,17,0.0004803299998457078,0.00080158300011135,16.0078125,5,14,0,
cd18ae69ae8352e78c0e0e48ebd97f08232b2bc7,2026-08-10T08:41:30,470a578,vm,CPython,3.12.3,5,4,1,6,46,,pour,M1,L0,astar_early,,h1,"f,-g,fifo",early,open_u_closed_reopen,False,,,,,,67,96,29,0,6,67,96,3.6261000104786945e-05,0.0009774860000106855,16.0078125,12,67,0,
f74925ecb1587483ba459671a50451e3506ef759,2026-08-10T08:41:30,470a578,vm,CPython,3.12.3,5,4,1,6,46,,pour,M1,L1,astar_early,,h1,"f,-g,fifo",early,open_u_closed_reopen,False,,,,,,51,74,23,0,5,51,74,6.049399939911382e-05,0.0008422209998570906,16.0078125,11,51,0,
fbdfe20d4ecd8b04efc29d02e283bde4b1e21d16,2026-08-10T08:41:30,470a578,vm,CPython,3.12.3,5,4,1,6,46,,pour,M1,L2,astar_early,,h1,"f,-g,fifo",early,open_u_closed_reopen,False,,,,,,50,73,23,0,5,50,73,0.011666732000776392,0.012633465999897453,16.0078125,11,50,0,
00098f5952d2a3a2a9c4dbb1c45396ba67ca8215,2026-08-10T08:41:30,470a578,vm,CPython,3.12.3,5,4,1,6,46,,pour,M1,L3,astar_early,,h1,"f,-g,fifo",early,open_u_closed_reopen,False,,,,,,50,73,23,0,5,50,73,0.0019468920004328538,0.010597740999855887,16.0078125,11,50,0,
1ee192aae98f1f9b859f8b53193f600524255743,2026-08-10T08:41:30,470a578,vm,CPython,3.12.3,5,4,1,6,47,,pour,M1,L0,astar_early,,h1,"f,-g,fifo",early,open_u_closed_reopen,False,,,,,,24,33,9,0,5,24,33,1.7545000218888163e-05,0.0004486259999794129,16.0078125,6,24,0,
a8a952e0af03e1f371682a57904936f5ee17cf99,2026-08-10T08:41:30,470a578,vm,CPython,3.12.3,5,4,1,6,47,,pour,M1,L1,astar_early,,h1,"f,-g,fifo",early,open_u_closed_reopen,False,,,,,,24,33,9,0,5,24,33,3.190499955962878e-05,0.00041382600011274917,16.0078125,6,24,0,
c81b98eeeb74bd33e0a940aac10ae004c8d75a05,2026-08-10T08:41:30,470a578,vm,CPython,3.12.3,5,4,1,6,47,,pour,M1,L2,astar_early,,h1,"f,-g,fifo",early,open_u_closed_reopen,False,,,,,,24,33,9,0,5,24,33,0.0007725929997377534,0.0012566109999170294,16.0078125,6,24,0,
c45cdb559ba8f1709e1c8e99db969f47086d9bdc,2026-08-10T08:41:30,470a578,vm,CPython,3.12.3,5,4,1,6,47,,pour,M1,L3,astar_early,,h1,"f,-g,fifo",early,open_u_closed_reopen,False,,,,,,24,33,9,0,5,24,33,0.0008158439993621869,0.0013320350001322367,16.0078125,6,24,0,
896cb09d2acd2ed46f5e9f79c5d8f6035ede009f,2026-08-10T08:41:30,470a578,vm,CPython,3.12.3,5,4,1,6,48,,pour,M1,L0,astar_early,,h1,"f,-g,fifo",early,open_u_closed_reopen,False,,,,,,34,46,12,0,3,34,46,2.1746998299931874e-05,0.0005639789999349887,16.0078125,8,34,0,
eeb19f40515cc5d1dd5bfc8ba938fff44d7d4f67,2026-08-10T08:41:30,470a578,vm,CPython,3.12.3,5,4,1,6,48,,pour,M1,L1,astar_early,,h1,"f,-g,fifo",early,open_u_closed_reopen,False,,,,,,34,46,12,0,3,34,46,4.927000054522068e-05,0.00875421999990067,16.0078125,8,34,0,
6ea6f7fc087383fbe1f7481fc8b94dca30d16faf,2026-08-10T08:41:30,470a578,vm,CPython,3.12.3,5,4,1,6,48,,pour,M1,L2,astar_early,,h1,"f,-g,fifo",early,open_u_closed_reopen,False,,,,,,34,46,12,0,3,34,46,0.001098157999877003,0.01215992099992036,16.0078125,8,34,0,
068a8d8be04ce52e79075405ea7c77e7d6b638f5,2026-08-10T08:41:30,470a578,vm,CPython,3.12.3,5,4,1,6,48,,pour,M1,L3,astar_early,,h1,"f,-g,fifo",early,open_u_closed_reopen,False,,,,,,34,46,12,0,3,34,46,0.014875013999244402,0.015487228999973013,16.0078125,8,34,0,
457507d5387e0e62f9d37c32accbc90a85b76985,2026-08-10T08:41:30,470a578,vm,CPython,3.12.3,5,4,1,6,50,,pour,M1,L0,astar_early,,h1,"f,-g,fifo",early,open_u_closed_reopen,False,,,,,,60,124,64,0,9,64,124,5.2237999170756666e-05,0.009722075999889057,16.0078125,13,60,0,
e6e4849ce66cb03e1263712485f8410ea23312d1,2026-08-10T08:41:30,470a578,vm,CPython,3.12.3,5,4,1,6,50,,pour,M1,L1,astar_early,,h1,"f,-g,fifo",early,open_u_closed_reopen,False,,,,,,60,124,64,0,9,64,124,8.542399882571772e-05,0.0010197919998518046,16.0078125,13,60,0,
9a57a94023e5add49c0175b497ff1f4b459237af,2026-08-10T08:41:30,470a578,vm,CPython,3.12.3,5,4,1,6,50,,pour,M1,L2,astar_early,,h1,"f,-g,fifo",early,open_u_closed_reopen,False,,,,,,60,124,64,0,9,64,124,0.0142905520003751,0.01944939599979989,16.1328125,13,60,0,
cbf8d12a3df3c988a4d3d3ec19896788b8ae28db,2026-08-10T08:41:30,470a578,vm,CPython,3.12.3,5,4,1,6,50,,pour,M1,L3,astar_early,,h1,"f,-g,fifo",early,open_u_closed_reopen,False,,,,,,60,124,64,0,9,64,124,0.007027703001995178,0.022383817999980238,16.1328125,13,60,0,
222f04ea9cb3e6701aff557a179d9e28c4d83722,2026-08-10T08:41:30,470a578,vm,CPython,3.12.3,5,4,1,6,51,,pour,M1,L0,astar_early,,h1,"f,-g,fifo",early,open_u_closed_reopen,False,,,,,,25,39,14,0,5,26,39,2.0483000071180868e-05,0.00048759400010567333,16.0078125,6,25,0,
2acf37d26a0b214621f199e9554bee434bbc20dc,2026-08-10T08:41:30,470a578,vm,CPython,3.12.3,5,4,1,6,51,,pour,M1,L1,astar_early,,h1,"f,-g,fifo",early,open_u_closed_reopen,False,,,,,,25,39,14,0,5,26,39,3.628500076047203e-05,0.0004550359999484499,16.0078125,6,25,0,
c6f540eb7a5bad86a49a1ff8a32ebd320097318e,2026-08-10T08:41:30,470a578,vm,CPython,3.12.3,5,4,1,6,51,,pour,M1,L2,astar_early,,h1,"f,-g,fifo",early,open_u_closed_reopen,False,,,,,,25,39,14,0,5,26,39,0.0009238039992851554,0.0014106060000358411,16.0078125,6,25,0,
949242410e14e5dcf9cacbedc885ef63fba4402f,2026-08-10T08:41:30,470a578,vm,CPython,3.12.3,5,4,1,6,51,,pour,M1,L3,astar_early,,h1,"f,-g,fifo",early,open_u_closed_reopen,False,,,,,,25,39,14,0,5,26,39,0.001032272998827466,0.0016379549999783194,16.0078125,6,25,0,
47d5223229d354dfa6de9d07d865e30f3e827733,2026-08-10T08:41:30,470a578,vm,CPython,3.12.3,5,4,1,6,52,,pour,M1,L0,astar_early,,h1,"f,-g,fifo",early,open_u_closed_reopen,False,,,,,,22,28,6,0,3,23,28,1.9701000383065548e-05,0.005588745000068229,16.0078125,5,22,0,
8fe5bdb352cb6160b2aef0ed7f224dbd32346dbb,2026-08-10T08:41:30,470a578,vm,CPython,3.12.3,5,4,1,6,52,,pour,M1,L1,astar_early,,h1,"f,-g,fifo",early,open_u_closed_reopen,False,,,,,,22,28,6,0,3,23,28,2.7470999839351862e-05,0.00039436099996237317,16.0078125,5,22,0,
4a5158c0f52f4c5efa36876039456b39502b478c,2026-08-10T08:41:30,470a578,vm,CPython,3.12.3,5,4,1,6,52,,pour,M1,L2,astar_early,,h1,"f,-g,fifo",early,open_u_closed_reopen,False,,,,,,21,27,6,0,3,21,27,0.008328778999839415,0.008775873000104184,16.0078125,5,21,0,
f381a4b782bd23c0f709455ecdb7d6c5d288ca50,2026-08-10T08:41:30,470a578,vm,CPython,3.12.3,5,4,1,6,52,,pour,M1,L3,astar_early,,h1,"f,-g,fifo",early,open_u_closed_reopen,False,,,,,,21,27,6,0,3,21,27,0.0008484490015234769,0.0012893939999685244,16.0078125,5,21,0,
bb7cf303b2d9bd4ae58ee00020f3e0eb52660a0e,2026-08-10T08:41:30,470a578,vm,CPython,3.12.3,5,4,1,6,53,,pour,M1,L0,astar_early,,h1,"f,-g,fifo",early,open_u_closed_reopen,False,,,,,,17,25,8,0,3,17,25,1.671100085332e-05,0.00035139499982506095,16.0078125,6,17,0,
c915f30ee9332344c31ce29850b2d38b6f9c9949,2026-08-10T08:41:30,470a578,vm,CPython,3.12.3,5,4,1,6,53,,pour,M1,L1,astar_early,,h1,"f,-g,fifo",early,open_u_closed_reopen,False,,,,,,17,25,8,0,3,17,25,2.9396000854831073e-05,0.0003535779999310762,16.0078125,6,17,0,
58466c380884876b379d06deec2e5fee04500f48,2026-08-10T08:41:30,470a578,vm,CPython,3.12.3,5,4,1,6,53,,pour,M1,L2,astar_early,,h1,"f,-g,fifo",early,open_u_closed_reopen,False,,,,,,17,25,8,0,3,17,25,0.008604694000496238,0.009023815000091417,16.0078125,6,17,0,
2e4d2958025e07362ee9e7e79a6eca472924fadc,2026-08-10T08:41:30,470a578,vm,CPython,3.12.3,5,4,1,6,53,,pour,M1,L3,astar_early,,h1,"f,-g,fifo",early,open_u_closed_reopen,False,,,,,,17,25,8,0,3,17,25,0.0007111579998309026,0.0010956799999348732,16.0078125,6,17,0,
647428621c5c8ac1b75924f2decd8af239c43593,2026-08-10T08:41:30,470a578,vm,CPython,3.12.3,5,4,1,6,55,,pour,M1,L0,astar_early,,h1,"f,-g,fifo",early,open_u_closed_reopen,False,,,,,,14,20,6,0,3,14,20,1.672000053076772e-05,0.00029209399986029894,16.0078125,6,14,0,
5a68ca2d1da7cdfddcb424113fcf2f932f0fb90e,2026-08-10T08:41:30,470a578,vm,CPython,3.12.3,5,4,1,6,55,,pour,M1,L1,astar_early,,h1,"f,-g,fifo",early,open_u_closed_reopen,False,,,,,,10,17,7,0,2,10,17,2.2598999976253253e-05,0.00029754499996670347,16.0078125,4,10,0,
50ab7e1dc645eeaa43fbcb8b1532a6eeb12e145d,2026-08-10T08:41:30,470a578,vm,CPython,3.12.3,5,4,1,6,55,,pour,M1,L2,astar_early,,h1,"f,-g,fifo",early,open_u_closed_reopen,False,,,,,,10,17,7,0,2,10,17,0.0004951830003392388,0.0007442910000463598,16.01171875,4,10,0,
f1251c18976b273a821c5e001dcbe69e1e3fa978,2026-08-10T08:41:30,470a578,vm,CPython,3.12.3,5,4,1,6,55,,pour,M1,L3,astar_early,,h1,"f,-g,fifo",early,open_u_closed_reopen,False,,,,,,10,17,7,0,2,10,17,0.00047880999977678584,0.0007693570000810723,16.01171875,4,10,0,
3a5b6b3989d5ffb757856a964c9f19d9d5e34887,2026-08-10T08:41:30,470a578,vm,CPython,3.12.3,5,4,1,6,56,,pour,M1,L0,astar_early,,h1,"f,-g,fifo",early,open_u_closed_reopen,False,,,,,,12,14,2,0,5,12,14,1.1622999863902805e-05,0.00027215900013288774,16.01171875,6,12,0,
14b0ef1463b8066893cbb15570b1819350776847,2026-08-10T08:41:30,470a578,vm,CPython,3.12.3,5,4,1,6,56,,pour,M1,L1,astar_early,,h1,"f,-g,fifo",early,open_u_closed_reopen,False,,,,,,12,14,2,0,5,12,14,2.050799980679585e-05,0.00030877500012138626,16.01171875,6,12,0,
824a50c09c5c6886cf209e3d2304bc9760b0aa9c,2026-08-10T08:41:30,470a578,vm,CPython,3.12.3,5,4,1,6,56,,pour,M1,L2,astar_early,,h1,"f,-g,fifo",early,open_u_closed_reopen,False,,,,,,12,14,2,0,5,12,14,0.00039710499959255685,0.0006775819999802479,16.01171875,6,12,0,
e25a0350733419cc67598a840ae9a375aec545a0,2026-08-10T08:41:30,470a578,vm,CPython,3.12.3,5,4,1,6,56,,pour,M1,L3,astar_early,,h1,"f,-g,fifo",early,open_u_closed_reopen,False,,,,,,12,14,2,0,5,12,14,0.00042484700020395394,0.0007278890000179672,16.01171875,6,12,0,
867bfd494aa77ff49beb9703d5bddc47efa4a213,2026-08-10T08:41:30,470a578,vm,CPython,3.12.3,5,4,1,6,57,,pour,M1,L0,astar_early,,h1,"f,-g,fifo",early,open_u_closed_reopen,False,,,,,,19,23,4,0,3,19,23,1.72119998751441e-05,0.008522767000158638,16.01171875,7,19,0,
d345566715f85aeae998380665acc1573c43d5c9,2026-08-10T08:41:30,470a578,vm,CPython,3.12.3,5,4,1,6,57,,pour,M1,L1,astar_early,,h1,"f,-g,fifo",early,open_u_closed_reopen,False,,,,,,19,23,4,0,3,19,23,3.1942000077833654e-05,0.00042082100003426604,16.01171875,7,19,0,
66504cd6d24a1438c47727acf404d565d5303d97,2026-08-10T08:41:31,470a578,vm,CPython,3.12.3,5,4,1,6,57,,pour,M1,L2,astar_early,,h1,"f,-g,fifo",early,open_u_closed_reopen,False,,,,,,19,23,4,0,3,19,23,0.004727711000441559,0.005113998999831892,16.01171875,7,19,0,
65196ee57df6830bb20ea4bd51be3c456ce89fe3,2026-08-10T08:41:31,470a578,vm,CPython,3.12.3,5,4,1,6,57,,pour,M1,L3,astar_early,,h1,"f,-g,fifo",early,open_u_closed_reopen,False,,,,,,19,23,4,0,3,19,23,0.009262712000236206,0.009701428999960626,16.01171875,7,19,0,
6fc7d7ded3d8d7f5714278479a3707d884c28046,2026-08-10T08:41:31,470a578,vm,CPython,3.12.3,5,4,1,6,60,,pour,M1,L0,astar_early,,h1,"f,-g,fifo",early,open_u_closed_reopen,False,,,,,,20,28,8,0,4,21,28,1.5077999705681577e-05,0.00037196499988567666,16.01171875,9,20,0,
3fd3c30638f538ae985dd21f844140152b2a2797,2026-08-10T08:41:31,470a578,vm,CPython,3.12.3,5,4,1,6,60,,pour,M1,L1,astar_early,,h1,"f,-g,fifo",early,open_u_closed_reopen,False,,,,,,20,28,8,0,4,21,28,3.169000024172419e-05,0.0004615869997905975,16.01171875,9,20,0,
4c36d398e299dbd057b68804cd7b7ee6e5a6c665,2026-08-10T08:41:31,470a578,vm,CPython,3.12.3,5,4,1,6,60,,pour,M1,L2,astar_early,,h1,"f,-g,fifo",early,open_u_closed_reopen,False,,,,,,20,28,8,0,4,21,28,0.0006847189997643,0.0010764950000066165,16.01171875,9,20,0,
882b44b3fd040e5a787f25b477c110823f281eb0,2026-08-10T08:41:31,470a578,vm,CPython,3.12.3,5,4,1,6,60,,pour,M1,L3,astar_early,,h1,"f,-g,fifo",early,open_u_closed_reopen,False,,,,,,20,28,8,0,4,21,28,0.008523178999212178,0.009071642999970209,16.01171875,9,20,0,
61b44788ee7c193b74c04096f3e2d05f80960574,2026-08-10T08:41:31,470a578,vm,CPython,3.12.3,5,4,1,6,61,,pour,M1,L0,astar_early,,h1,"f,-g,fifo",early,open_u_closed_reopen,False,,,,,,32,49,17,0,2,33,49,2.2487000705950777e-05,0.0005687899999884394,16.01171875,11,32,0,
bba03d93c1fbbb3512e154d5d69f9c65d4e359ce,2026-08-10T08:41:31,470a578,vm,CPython,3.12.3,5,4,1,6,61,,pour,M1,L1,astar_early,,h1,"f,-g,fifo",early,open_u_closed_reopen,False,,,,,,32,49,17,0,2,33,49,4.153899931225169e-05,0.0005860720000328001,16.01171875,11,32,0,
f1054c066888670bb4aefb5de2198cbb4c65d8f8,2026-08-10T08:41:31,470a578,vm,CPython,3.12.3,5,4,1,6,61,,pour,M1,L2,astar_early,,h1,"f,-g,fifo",early,open_u_closed_reopen,False,,,,,,32,49,17,0,2,33,49,0.0012102830000912945,0.0018488160001197684,16.01171875,11,32,0,
8f57cca93100bde5f2bfd7b21c5214829b00a23d,2026-08-10T08:41:31,470a578,vm,CPython,3.12.3,5,4,1,6,61,,pour,M1,L3,astar_early,,h1,"f,-g,fifo",early,open_u_closed_reopen,False,,,,,,32,49,17,0,2,33,49,0.0012215300000661955,0.0018307650000224385,16.01171875,11,32,0,
